STATION_ID,EXTERNAL_LOCATION_ID,EXTERNAL_PARAMETER_ID,TIMESTEP_HOUR,UNIT,IMPORT_SOURCE,THRESHOLD_LOW,THRESHOLD_YELLOW,THRESHOLD_RED,IMPORT,THRESHOLD_MEAN,THRESHOLD_P01,THRESHOLD_P10,THRESHOLD_P50,THRESHOLD_P90,THRESHOLD_P99,LATITUDE,LONGITUDE,ALTITUDE,COUNTRY,ORGANIZATION,SUBBASIN
8,8,39,24.0,m,INA,0.2,10.5,13.5,True,1.1516666666666666,-0.09141666666666666,0.282,0.995,2.127666666666667,4.511583333333332,-25.5833333333333,-53.9833333333333,,Argentina,INA,Río Paraná
9,9,39,24.0,m,INA,10.0,25.0,28.0,True,13.662666666666668,5.4623333333333335,9.78975,13.1,18.48,25.718499999999995,-25.5833333333333,-54.5666666666667,,Argentina,INA,Río Paraná
10,10,39,24.0,m,INA,9.8,29.0,31.0,True,13.670583333333331,5.594416666666667,9.245833333333334,13.322916666666664,18.789583333333336,25.09375,-25.916679,-54.621134,,Argentina,INA,Río Paraná
11,11,39,24.0,m,INA,8.63,23.0,25.0,True,11.255500000000003,6.228416666666667,7.860666666666666,10.812916666666668,15.17366666666667,20.205000000000002,-26.3833333333333,-54.7,,Argentina,INA,Río Paraná
12,12,39,24.0,m,INA,6.76,14.5,15.5,True,8.085749999999999,4.840833333333333,5.626333333333334,7.894583333333332,10.817166666666665,14.879499999999998,-26.8,-55.0333333333333,,Argentina,INA,Río Paraná
13,13,39,24.0,m,INA,7.36,9.3,9.8,True,,,,,,,-27.33509,-55.588412,,Argentina,INA,Río Paraná
14,14,39,24.0,m,INA,9.8,11.0,12.0,True,6.584333333333333,2.7272499999999997,3.1047500000000006,5.210833333333333,10.294166666666667,10.435083333333333,-27.3666666666667,-55.8833333333333,,Argentina,INA,Río Paraná
15,15,39,24.0,m,INA,0.7,3.5,4.0,True,1.6844166666666665,0.19333333333333333,0.9074999999999999,1.6770833333333333,2.381666666666667,3.8056666666666668,-27.5833333333333,-56.7,,Argentina,INA,Río Paraná
16,16,39,24.0,m,INA,1.5,7.0,7.5,True,2.5116666666666663,0.38491666666666663,1.3929166666666666,2.368333333333333,3.9207499999999995,5.615833333333332,-27.42336098,-57.33326783,,Argentina,INA,Río Paraná
17,17,39,24.0,m,INA,2.7,6.8,7.5,True,3.7427499999999996,1.2201666666666666,2.462666666666667,3.588333333333333,5.328583333333334,7.271833333333333,-27.26677773,-58.24407387,,Argentina,INA,Río Paraná
18,18,39,24.0,m,INA,3.0,6.5,7.0,True,3.6800833333333336,0.8525833333333331,2.302583333333333,3.53375,5.374,7.158916666666666,-27.3333333333333,-58.5833333333333,,Argentina,INA,Río Paraná
19,19,39,24.0,m,INA,3.0,6.5,7.0,True,3.6543333333333323,0.6261666666666668,2.2076666666666664,3.535833333333333,5.389583333333333,7.013083333333333,-27.46364349,-58.8388696,,Argentina,INA,Río Paraná
20,20,39,24.0,m,INA,3.2,6.0,6.5,True,3.6854999999999998,0.6639166666666667,2.2985,3.5804166666666664,5.376166666666666,6.906999999999999,-27.4833333333333,-58.9333333333333,,Argentina,INA,Río Paraná
21,21,39,24.0,m,INA,2.8,6.5,6.7,True,3.3692499999999996,0.49816666666666665,2.082666666666667,3.293333333333333,4.919416666666666,6.037833333333334,-27.95412346,-58.81852419,,Argentina,INA,Río Paraná
22,22,39,24.0,m,INA,3.0,6.0,6.4,True,3.6322499999999995,0.5939166666666666,2.247333333333333,3.570416666666667,5.2491666666666665,6.300250000000001,-28.51840072,-59.05931723,,Argentina,INA,Río Paraná
23,23,39,24.0,m,INA,2.6,5.2,5.7,True,3.752416666666667,0.9792499999999998,2.540083333333333,3.7191666666666667,5.142916666666666,6.015666666666667,-29.14376844,-59.27303952,,Argentina,INA,Río Paraná
24,24,39,24.0,m,INA,2.3,5.1,5.3,True,3.4628333333333337,0.8740833333333332,2.31275,3.424583333333333,4.751166666666667,5.804666666666666,-29.23756092,-59.58115833,,Argentina,INA,Río Paraná
25,25,39,24.0,m,INA,2.2,5.0,5.4,True,3.4014166666666674,0.6095833333333334,2.153,3.392916666666667,4.758166666666667,5.56125,-30.01924089,-59.53663483,,Argentina,INA,Río Paraná
26,26,39,24.0,m,INA,3.2,5.8,6.15,True,3.9781666666666666,0.6574166666666666,2.5615,4.026666666666666,5.423166666666666,6.212500000000001,-30.73419972,-59.6381167,,Argentina,INA,Río Paraná
27,27,39,24.0,m,INA,2.54,6.9,7.25,True,3.9843333333333333,1.2645000000000002,2.6418333333333335,4.00375,5.30975,6.155,-30.95,-59.7833333333333,,Argentina,INA,Río Paraná
28,28,39,24.0,m,INA,2.18,5.5,6.0,True,3.523,0.5826666666666667,2.1874166666666666,3.5141666666666667,4.923583333333332,6.097333333333332,-31.22650904,-59.99193936,,Argentina,INA,Río Paraná
29,29,39,24.0,m,INA,2.3,4.7,5.0,True,3.01675,0.07550000000000001,1.756916666666667,3.0041666666666664,4.389333333333333,5.518916666666667,-31.7182378629681,-60.5225697750899,,Argentina,INA,Río Paraná
30,30,39,24.0,m,INA,2.6,5.3,5.7,True,3.3404166666666666,0.37925000000000003,2.0980000000000003,3.313333333333334,4.810083333333334,5.952083333333333,-31.6514772196376,-60.7002319185745,,Argentina,INA,Río Paraná
31,31,39,24.0,m,INA,2.4,5.3,5.5,True,3.41175,0.3259999999999999,2.0671666666666666,3.433333333333333,4.880999999999999,5.747583333333334,-32.0715615377843,-60.6432219715378,,Argentina,INA,Río Paraná
32,32,39,24.0,m,INA,2.6,4.6,5.9,True,3.5202500000000003,1.1010833333333332,2.5126666666666666,3.494166666666667,4.762250000000001,5.861000000000001,-32.6558456373673,-60.2195849446607,,Argentina,INA,Río Paraná
33,33,39,24.0,m,INA,2.3,5.2,5.7,True,3.373416666666667,0.10275000000000001,1.9029999999999998,3.454166666666666,4.86775,5.696583333333333,-32.7336256031375,-60.7256705696322,,Argentina,INA,Río Paraná
34,34,39,24.0,m,INA,2.6,5.0,5.25,True,3.1091666666666664,0.18208333333333335,1.7916666666666667,3.1808333333333336,4.471666666666667,5.280666666666666,-32.9432699442268,-60.6308206029857,,Argentina,INA,Río Paraná
35,35,39,24.0,m,INA,1.9,4.0,4.5,True,2.7160000000000006,0.12816666666666668,1.2703333333333333,2.7412499999999995,4.118333333333333,4.956416666666668,-33.2354221667103,-60.3091044341421,,Argentina,INA,Río Paraná
36,36,39,24.0,m,INA,1.8,4.2,5.0,True,2.4441666666666664,0.24100000000000002,1.3684166666666668,2.4458333333333333,3.595083333333333,4.642916666666667,-33.3420008188866,-60.1895279977149,,Argentina,INA,Río Paraná
37,37,39,24.0,m,INA,1.6,3.5,4.0,True,2.18775,0.09966666666666668,1.1121666666666667,2.1845833333333333,3.2925000000000004,4.3765833333333335,-33.4780656197056,-59.9957013181522,,Argentina,INA,Río Paraná
38,38,39,24.0,m,INA,1.5,3.4,3.6,True,1.772833333333333,0.17775,0.8835000000000001,1.7341666666666666,2.7423333333333333,3.79725,-33.6745267329027,-59.6497183332918,,Argentina,INA,Río Paraná
39,39,39,24.0,m,INA,1.4,2.7,3.1,True,1.5141666666666664,0.10941666666666666,0.6318333333333332,1.4808333333333337,2.46475,3.2045833333333333,-33.8006916108445,-59.4955962110789,,Argentina,INA,Río Paraná
40,40,39,24.0,m,INA,0.3,2.0,2.2,True,0.8785833333333333,0.03841666666666666,0.3165,0.8249999999999998,1.4998333333333334,2.1269166666666663,-34.0987818311696,-59.0108657589595,,Argentina,INA,Río Paraná
41,41,39,24.0,m,INA,,2.2,2.45,True,0.8020833333333334,0.019083333333333338,0.26208333333333333,0.7566666666666668,1.3934166666666667,2.0703333333333336,-34.1555854281116,-58.9581750062675,,Argentina,INA,Río Paraná
42,42,39,24.0,m,INA,0.1,3.0,3.5,True,,,,,,,-34.3,-58.7333333333,,Argentina,INA,Río Paraná
43,43,39,24.0,m,INA,1.1,2.3,2.6,True,1.5044166666666667,0.6009166666666667,0.9184166666666668,1.4229166666666666,2.217333333333334,2.99175,-33.7,-58.65,,Argentina,INA,Río Paraná
44,44,39,24.0,m,INA,1.0,2.85,3.0,True,,,,,,,-33.8627031166646,-58.6604197120006,,Argentina,INA,Río Paraná
45,45,39,24.0,m,INA,0.4,2.0,2.3,True,0.8248333333333334,-0.3640833333333333,0.09583333333333334,0.7583333333333333,1.66725,2.53425,-33.7619777376355,-59.1800594404244,,Argentina,INA,Río Paraná
46,46,39,24.0,m,INA,0.8,4.5,5.0,True,,,,,,,-33.2166666667,-59.3666666667,,Argentina,INA,Río Paraná
47,47,39,24.0,m,INA,0.2,2.5,5.0,True,,,,,,,-34.1902896924007,-58.2530455191105,,Argentina,INA,Río de la Plata
48,48,39,24.0,m,INA,0.3,2.2,2.4,True,,,,,,,-34.0166666667,-58.4,,Argentina,INA,Río Paraná
49,49,39,24.0,m,INA,0.2,3.3,3.8,True,,,,,,,-34.4159316389634,-58.5779747237367,,Argentina,INA,Río Paraná
50,50,39,24.0,m,INA,0.2,2.3,2.8,True,,,,,,,-34.351576,-58.686115,,Argentina,INA,Río Paraná
51,51,39,24.0,m,INA,1.0,3.2,3.8,True,,,,,,,-34.2,-58.4833333333,,Argentina,INA,Río Paraná
52,52,39,24.0,m,INA,0.21,3.0,3.5,True,,,,,,,-34.4333333333,-58.55,,Argentina,INA,Río Paraná
53,53,39,24.0,m,INA,0.3,3.0,3.5,True,,,,,,,-34.457166,-58.507163,,Argentina,INA,Río Paraná
54,54,39,24.0,m,INA,0.1,3.0,3.8,True,1.0113333333333332,0.11666666666666668,0.36833333333333335,0.9833333333333333,1.65125,2.4548333333333336,-34.506666,-58.475863,,Argentina,INA,Río Paraná
55,55,39,24.0,m,INA,2.4,5.35,6.0,True,3.5143333333333335,0.6375833333333333,1.7017500000000003,3.3674999999999997,5.647916666666667,7.157583333333332,-25.3666666666667,-57.65,,Argentina,INA,Río Paraguay
56,56,39,24.0,m,INA,0.0,6.0,6.4,True,,,,,,,-25.451947,-57.568182,,Argentina,INA,Río Paraguay
57,57,39,24.0,m,INA,3.2,7.8,8.3,True,,,,,,,-26.1833333333333,-58.1833333333333,,Argentina,INA,Río Paraguay
58,58,39,24.0,m,INA,,6.5,7.0,True,4.355999999999999,1.1915000000000002,2.261083333333333,4.252083333333333,6.64275,7.5577499999999995,-26.92629,-58.506205,,Argentina,INA,Río Paraguay
59,59,39,24.0,m,INA,2.5995,,,True,,,,,,,-27.3166666666667,-58.6166666666667,,Argentina,INA,Río Paraná
60,60,39,24.0,m,INA,,,,True,3.07175,-0.00033333333333333245,0.5255,2.585833333333333,6.5855,11.684750000000001,-27.153744,-53.933149,,Argentina,INA,Río Uruguay
61,61,39,24.0,m,INA,,,,True,2.2804166666666665,0.3580833333333333,0.7641666666666667,1.8120833333333335,4.219666666666666,9.322416666666667,-27.3,-54.2,,Argentina,INA,Río Uruguay
62,62,39,24.0,m,INA,,,,True,,,,,,,-27.4375,-54.3553,,Argentina,INA,Río Uruguay
63,63,39,24.0,m,INA,,,,True,334671669.02674997,0.0,0.08333333333333333,2.2708333333333335,4.943333333333333,9.223250000000002,-27.572,-54.678494,,Argentina,INA,Río Uruguay
65,65,39,24.0,m,INA,1.3,8.0,10.0,True,2.3415833333333333,0.74575,1.0383333333333333,2.005,4.048166666666667,7.53425,-27.8833333333333,-55.1333333333333,,Argentina,INA,Río Uruguay
66,66,39,24.0,m,INA,0.904,15.5,16.5,True,,,,,,,-28.119193,-55.581369,,Argentina,INA,Río Uruguay
67,67,39,24.0,m,INA,0.03,12.0,14.0,True,2.7267499999999996,-0.05441666666666667,0.48475,2.035833333333333,5.930499999999999,11.835999999999999,-28.1833333333333,-55.65,,Argentina,INA,Río Uruguay
68,68,39,24.0,m,INA,1.3,11.5,12.5,True,4.20075,0.9156666666666666,1.7629166666666667,3.6091666666666664,7.550083333333334,11.917916666666665,-28.55,-56.0333333333333,,Argentina,INA,Río Uruguay
69,69,39,24.0,m,INA,0.89,9.5,11.0,True,,,,,,,-29.1,-56.55,,Argentina,INA,Río Uruguay
70,70,39,24.0,m,INA,0.26,9.5,11.5,True,3.8885833333333335,0.3299166666666667,1.5571666666666666,3.3854166666666665,7.0409999999999995,9.778416666666667,-29.18062,-56.633977,,Argentina,INA,Río Uruguay
71,71,39,24.0,m,INA,0.0,9.5,10.5,True,,,,,,,-29.470031,-56.810674,,Argentina,INA,Río Uruguay
72,72,39,24.0,m,INA,1.4,7.5,8.5,True,3.538,0.7919166666666667,1.3826666666666665,3.095833333333333,6.408999999999999,9.769333333333334,-29.7166666666667,-57.0833333333333,,Argentina,INA,Río Uruguay
73,73,39,24.0,m,INA,0.0,7.9,10.8,True,3.255166666666667,0.5676666666666667,1.2787499999999998,2.9362500000000007,5.709,7.782166666666668,-29.872652,-57.332887,,Argentina,INA,Río Uruguay
74,74,39,24.0,m,INA,0.8,7.5,8.5,True,2.8295833333333333,0.27366666666666667,1.2157499999999997,2.5570833333333334,4.878,7.166083333333333,-30.25,-57.6333333333333,,Argentina,INA,Río Uruguay
75,75,39,24.0,m,INA,5.24,10.3,12.0,True,8.135833333333332,3.456666666666667,6.789999999999999,8.331666666666667,9.245083333333334,10.085333333333333,-30.715682,-57.81776,,Argentina,INA,Río Uruguay
76,76,39,24.0,m,INA,31.25,,,True,,,,,,,-30.993221,-57.914682,,Argentina,INA,Río Uruguay
77,77,39,24.0,m,INA,33.0,35.5,36.0,True,34.06633333333333,23.909000000000006,32.82941666666667,34.50375,35.324749999999995,35.76241666666667,-31.27547,-57.936945,,Argentina,INA,Río Uruguay
78,78,39,24.0,m,INA,5.6,17.3,17.8,True,,,,,,,-31.27547,-57.936945,,Argentina,INA,Río Uruguay
79,79,39,24.0,m,INA,1.7,11.0,12.5,True,4.528583333333333,0.5775,1.4666666666666668,3.9625000000000004,8.314250000000001,12.965416666666668,-31.4,-58.0166666666667,,Argentina,INA,Río Uruguay
80,80,39,24.0,m,INA,1.4,7.1,7.9,True,2.745083333333333,0.611,1.0922500000000002,2.3404166666666666,4.969833333333333,8.32225,-32.2333333333333,-58.1166666666667,,Argentina,INA,Río Uruguay
81,81,39,24.0,m,INA,0.9,5.3,6.3,True,2.2935833333333338,0.5653333333333334,0.9990833333333334,2.0033333333333334,3.9915000000000003,6.662500000000001,-32.4833333333333,-58.2333333333333,,Argentina,INA,Río Uruguay
82,82,39,24.0,m,INA,0.0,5.3,6.3,True,2.047333333333334,0.34349999999999997,0.9658333333333333,1.8500000000000003,3.470916666666666,5.520500000000001,-32.70101,-58.1834,,Argentina,INA,Río Uruguay
84,84,39,24.0,m,INA,,2.9,3.1,True,1.6042499999999997,0.5515,0.8858333333333334,1.5016666666666663,2.4575000000000005,3.5338333333333334,-33.0666666666667,-58.4166666666667,,Argentina,INA,Río Uruguay
85,85,39,24.0,m,INA,0.5,3.3,3.9,True,,,,,,,-34.56108,-58.399288,,Argentina,INA,Río de la Plata
86,86,39,24.0,m,INA,0.3,2.5,2.8,True,,,,,,,-34.824196,-57.873546,,Argentina,INA,Río de la Plata
99,99,39,24.0,m,INA,0.72,3.5,3.8,True,,,,,,,-33.0144444444444,-58.5041666666667,,Argentina,INA,Río Uruguay
103,103,39,24.0,m,INA,,4.7,,True,2.0940833333333337,-0.2440833333333333,0.30158333333333337,1.805416666666666,4.408666666666666,5.621583333333333,-31.4912222222222,-60.7805555555556,,Argentina,INA,Río Paraná
105,105,39,24.0,m,INA,,4.0,,True,,,,,,,-29.2751666666667,-61.7439444444444,,Argentina,INA,Río Paraná
175,175,39,24.0,m,INA,,4.5,,True,,,,,,,-31.042868,-60.841003,,Argentina,INA,Río Paraná
1016,1016,39,24.0,m,INA,,,,True,,,,,,,-31.404212,-58.002561,,Argentina,INA,Río Uruguay
1017,1017,39,24.0,m,INA,,,,True,,,,,,,-29.470444,-56.81167,,Argentina,INA,Río Uruguay
1019,1019,39,24.0,m,INA,,,,True,,,,,,,-29.112957,-56.555522,,Argentina,INA,Río Uruguay
1022,1022,39,24.0,m,INA,,,,True,,,,,,,-30.992189,-57.913847,,Argentina,INA,Río Uruguay
1035,1035,39,24.0,m,INA,,,,True,,,,,,,-28.177515,-55.642269,,Argentina,INA,Río Uruguay
1038,1038,39,24.0,m,INA,,,,True,,,,,,,-27.298582,-54.193437,,Argentina,INA,Río Uruguay
1039,1039,39,24.0,m,INA,,,,True,,,,,,,-27.153304,-53.933283,,Argentina,INA,Río Uruguay
1074,1074,39,24.0,m,INA,,,,True,,,,,,,-30.249296,-57.622519,,Argentina,INA,Río Uruguay
1077,1077,39,24.0,m,INA,,,,True,,,,,,,-30.626772,-57.982836,,Argentina,INA,Río Uruguay
1094,1094,39,24.0,m,INA,,3.5,,True,1.3575833333333331,0.9271666666666669,1.0672499999999998,1.3075,1.6614166666666668,2.4778333333333333,-29.867045,-60.337943,,Argentina,INA,Río Paraná
1257,1257,39,24.0,m,INA,,,,True,,,,,,,-34.0752137139779,-58.4426647718186,,Argentina,INA,Río Paraná
1679,1679,39,24.0,m,INA,,4.7,,True,,,,,,,-31.667601,-60.752233,,Argentina,INA,Río Paraná
1698,1698,39,24.0,m,INA,,,,True,,,,,,,-34.356202,-58.633833,,Argentina,INA,Río Paraná
1701,1701,39,24.0,m,INA,,,,True,,,,,,,-33.0666666666667,-58.4166666666667,,Argentina,INA,Río Uruguay
1706,1706,39,24.0,m,INA,,,,True,,,,,,,-35.0999984741211,-57.13330078125,,Argentina,INA,Río de la Plata
1708,1708,39,24.0,m,INA,,,,True,,,,,,,-34.8339004516602,-57.8800010681152,,Argentina,INA,Río de la Plata
1739,1739,39,24.0,m,INA,,,,True,,,,,,,-35.015278,-57.536111,,Argentina,INA,Río de la Plata
1743,1743,39,24.0,m,INA,,,,True,,,,,,,-34.7383417,-58.3096056,,Argentina,INA,Río de la Plata
1744,1744,39,24.0,m,INA,,,,True,,,,,,,-34.7277556,-58.3200389,,Argentina,INA,Río de la Plata
1877,1877,39,24.0,m,INA,,,,True,,,,,,,-34.185121,-58.501874,,Argentina,INA,Río Paraná
2111,2111,39,24.0,m,INA,,,,True,,,,,,,-35.0880555555556,-60.1088888888889,,Argentina,INA,Río de la Plata
2112,2112,39,24.0,m,INA,,,,True,,,,,,,-32.7680555555556,-58.4983333333333,,Argentina,INA,Río Uruguay
2113,2113,39,24.0,m,INA,,,,True,,,,,,,-32.0177777777778,-60.9902777777778,,Argentina,INA,Río Paraná
2115,2115,39,24.0,m,INA,3.0,6.5,7.0,True,,,,,,,-27.4597222222222,-58.8333333333333,,Argentina,INA,Río Paraná
2116,2116,39,24.0,m,INA,3.41,8.01,8.51,True,,,,,,,-26.1830555555556,-58.1619444444444,,Argentina,INA,Río Paraguay
2117,2117,39,24.0,m,INA,,,,True,,,,,,,-34.2861111111111,-60.2591666666667,,Argentina,INA,Río Paraná
2119,2119,39,24.0,m,INA,,,,True,,,,,,,-31.0105555555556,-62.7883333333333,,Argentina,INA,
2120,2120,39,24.0,m,INA,,,,True,,,,,,,-30.9119444444444,-62.6777777777778,,Argentina,INA,
2121,2121,39,24.0,m,INA,,,,True,,,,,,,-32.3922222222222,-60.9408333333333,,Argentina,INA,Río Paraná
2122,2122,39,24.0,m,INA,,,,True,,,,,,,-36.8425,-66.9952777777778,,Argentina,INA,
2123,2123,39,24.0,m,INA,,,,True,,,,,,,-36.3977777777778,-67.1402777777778,,Argentina,INA,
2125,2125,39,24.0,m,INA,,,,True,,,,,,,-43.1747222222222,-71.6236111111111,,Argentina,INA,
2127,2127,39,24.0,m,INA,,,,True,,,,,,,-36.2911111111111,-66.8291666666667,,Argentina,INA,
2129,2129,39,24.0,m,INA,,,,True,,,,,,,-34.0866666666667,-60.0072222222222,,Argentina,INA,Río Paraná
2130,2130,39,24.0,m,INA,,,,True,,,,,,,-35.0833333333333,-69.6041666666667,,Argentina,INA,
2131,2131,39,24.0,m,INA,2.74,6.84,7.54,True,,,,,,,-27.2663888888889,-58.2444444444444,,Argentina,INA,Río Paraná
2132,2132,39,24.0,m,INA,2.6,5.2,5.7,True,,,,,,,-29.165,-59.3283333333333,,Argentina,INA,Río Paraná
2133,2133,39,24.0,m,INA,4.16,7.11,7.76,True,,,,,,,-25.3719444444444,-57.6502777777778,,Argentina,INA,Río Paraguay
2135,2135,39,24.0,m,INA,,,,True,,,,,,,-31.8552777777778,-69.6605555555556,,Argentina,INA,
2136,2136,39,24.0,m,INA,,,,True,,,,,,,-35.1975,-69.7672222222222,,Argentina,INA,
2137,2137,39,24.0,m,INA,,,,True,,,,,,,-35.8711111111111,-69.9502777777778,,Argentina,INA,
2139,2139,39,24.0,m,INA,,,,True,,,,,,,-31.9741666666667,-60.9138888888889,,Argentina,INA,Río Paraná
2141,2141,39,24.0,m,INA,,,,True,,,,,,,-42.9858333333333,-71.4877777777778,,Argentina,INA,
2142,2142,39,24.0,m,INA,,,,True,,,,,,,-40.1197222222222,-71.6619444444444,,Argentina,INA,
2143,2143,39,24.0,m,INA,,,,True,,,,,,,-45.9861111111111,-69.475,,Argentina,INA,
2144,2144,39,24.0,m,INA,,,,True,,,,,,,-41.8986111111111,-71.5025,,Argentina,INA,
2145,2145,39,24.0,m,INA,,,,True,,,,,,,-43.5280555555556,-71.6002777777778,,Argentina,INA,
2146,2146,39,24.0,m,INA,,,,True,,,,,,,-51.8947222222222,-71.5975,,Argentina,INA,
2147,2147,39,24.0,m,INA,,,,True,,,,,,,-51.9216666666667,-71.4947222222222,,Argentina,INA,
2148,2148,39,24.0,m,INA,,,,True,,,,,,,-51.6883333333333,-69.6555555555556,,Argentina,INA,
2149,2149,39,24.0,m,INA,,,,True,,,,,,,-25.6766666666667,-54.4213888888889,,Argentina,INA,Río Paraná
2150,2150,39,24.0,m,INA,,,,True,,,,,,,-29.8458333333333,-57.675,,Argentina,INA,Río Uruguay
2151,2151,39,24.0,m,INA,,,,True,,,,,,,-38.4625,-58.7588888888889,,Argentina,INA,
2152,2152,39,24.0,m,INA,,,,True,,,,,,,-43.2761111111111,-65.2733333333333,,Argentina,INA,
2153,2153,39,24.0,m,INA,,,,True,,,,,,,-50.32,-72.2611111111111,,Argentina,INA,
2154,2154,39,24.0,m,INA,,,,True,,,,,,,-23.1405555555556,-64.1969444444445,,Argentina,INA,Río Paraguay
2157,2157,39,24.0,m,INA,,,,True,,,,,,,-43.8886111111111,-68.3983333333333,,Argentina,INA,
2158,2158,39,24.0,m,INA,,,,True,,,,,,,-30.9236111111111,-59.5511111111111,,Argentina,INA,Río Paraná
2159,2159,39,24.0,m,INA,,,,True,,,,,,,-41.5869444444444,-71.6836111111111,,Argentina,INA,
2160,2160,39,24.0,m,INA,,,,True,,,,,,,-38.8216666666667,-64.9813888888889,,Argentina,INA,
2161,2161,39,24.0,m,INA,,,,True,,,,,,,-45.6836111111111,-70.2522222222222,,Argentina,INA,
2162,2162,39,24.0,m,INA,,,,True,,,,,,,-43.6997222222222,-71.3058333333333,,Argentina,INA,
2163,2163,39,24.0,m,INA,,,,True,,,,,,,-45.0016666666667,-71.1680555555556,,Argentina,INA,
2164,2164,39,24.0,m,INA,,,,True,,,,,,,-49.7972222222222,-72.0641666666667,,Argentina,INA,
2165,2165,39,24.0,m,INA,,,,True,,,,,,,-50.2522222222222,-71.9077777777778,,Argentina,INA,
2166,2166,39,24.0,m,INA,,,,True,,,,,,,-27.1008333333333,-65.6361111111111,,Argentina,INA,
2175,2175,39,24.0,m,INA,,,,True,,,,,,,-25.4136111111111,-63.9761111111111,,Argentina,INA,Río Paraná
2177,2177,39,24.0,m,INA,,,,True,,,,,,,-25.3452777777778,-64.045,,Argentina,INA,Río Paraná
2178,2178,39,24.0,m,INA,,,,True,,,,,,,-25.5905555555556,-53.995,,Argentina,INA,Río Paraná
2179,2179,39,24.0,m,INA,,,,True,,,,,,,-43.7219444444444,-71.2338888888889,,Argentina,INA,
2180,2180,39,24.0,m,INA,,,,True,,,,,,,-35.1686111111111,-66.4963888888889,,Argentina,INA,
2181,2181,39,24.0,m,INA,,,,True,,,,,,,-43.6983333333333,-66.475,,Argentina,INA,
2183,2183,39,24.0,m,INA,,,,True,,,,,,,-32.9152777777778,-69.2377777777778,,Argentina,INA,
2184,2184,39,24.0,m,INA,,,,True,,,,,,,-41.9425,-71.5605555555556,,Argentina,INA,
2185,2185,39,24.0,m,INA,,,,True,,,,,,,-29.795,-62.8061111111111,,Argentina,INA,
2187,2187,39,24.0,m,INA,,,,True,,,,,,,-22.3266666666667,-64.1263888888889,,Argentina,INA,Río Paraguay
2188,2188,39,24.0,m,INA,,,,True,,,,,,,-26.3341666666667,-59.3625,,Argentina,INA,Río Paraguay
2193,2193,39,24.0,m,INA,,,,True,,,,,,,-25.6511111111111,-60.1280555555556,,Argentina,INA,Río Paraguay
2194,2194,39,24.0,m,INA,,,,True,,,,,,,-26.6605555555556,-58.6338888888889,,Argentina,INA,Río Paraguay
2196,2196,39,24.0,m,INA,,,,True,,,,,,,-27.9930555555556,-67.6269444444444,,Argentina,INA,
2197,2197,39,24.0,m,INA,,,,True,,,,,,,-29.1058333333333,-62.5761111111111,,Argentina,INA,Río Paraná
2198,2198,39,24.0,m,INA,,,,True,,,,,,,-29.0311111111111,-58.7883333333333,,Argentina,INA,Río Paraná
2199,2199,39,24.0,m,INA,,,,True,,,,,,,-29.7572222222222,-59.2172222222222,,Argentina,INA,Río Paraná
2200,2200,39,24.0,m,INA,,,,True,,,,,,,-33.7763888888889,-69.2725,,Argentina,INA,
2201,2201,39,24.0,m,INA,,,,True,,,,,,,-27.2572222222222,-54.2355555555556,,Argentina,INA,Río Uruguay
2202,2202,39,24.0,m,INA,,,,True,,,,,,,-33.1386111111111,-64.2847222222222,,Argentina,INA,Río Paraná
2203,2203,39,24.0,m,INA,,7.0,8.3,True,,,,,,,-32.3086111111111,-59.0769444444445,,Argentina,INA,Río Paraná
2204,2204,39,24.0,m,INA,,,,True,,,,,,,-32.6733333333333,-60.8658333333333,,Argentina,INA,Río Paraná
2205,2205,39,24.0,m,INA,,,,True,,,,,,,-31.8016666666667,-59.1261111111111,,Argentina,INA,Río Paraná
2206,2206,39,24.0,m,INA,,,,True,,,,,,,-34.2880555555556,-59.7027777777778,,Argentina,INA,Río Paraná
2207,2207,39,24.0,m,INA,,,,True,,,,,,,-36.8311111111111,-59.8938888888889,,Argentina,INA,Río de la Plata
2208,2208,39,24.0,m,INA,,,,True,,,,,,,-50.4261111111111,-72.7477777777778,,Argentina,INA,
2210,2210,39,24.0,m,INA,,,,True,,,,,,,-38.5322222222222,-69.4125,,Argentina,INA,
2211,2211,39,24.0,m,INA,,,,True,,,,,,,-34.3225,-61.3513888888889,,Argentina,INA,Río de la Plata
2212,2212,39,24.0,m,INA,,,,True,,,,,,,-34.2419444444444,-62.1211111111111,,Argentina,INA,
2213,2213,39,24.0,m,INA,,,,True,,,,,,,-34.2580555555556,-61.6386111111111,,Argentina,INA,Río de la Plata
2215,2215,39,24.0,m,INA,,,,True,,,,,,,-34.2405555555556,-59.4994444444444,,Argentina,INA,Río Paraná
2216,2216,39,24.0,m,INA,,,,True,,,,,,,-54.7975,-68.2255555555556,,Argentina,INA,
2219,2219,39,24.0,m,INA,,,,True,,,,,,,-34.4494444444444,-62.4133333333333,,Argentina,INA,
2220,2220,39,24.0,m,INA,,,,True,,,,,,,-35.1844444444444,-67.7269444444444,,Argentina,INA,
2221,2221,39,24.0,m,INA,,,,True,,,,,,,-35.9994444444444,-67.1852777777778,,Argentina,INA,
2223,2223,39,24.0,m,INA,,,,True,,,,,,,-27.9402777777778,-63.4397222222222,,Argentina,INA,Río Paraná
2225,2225,39,24.0,m,INA,,,,True,,,,,,,-45.5644444444444,-69.0672222222222,,Argentina,INA,
2227,2227,39,24.0,m,INA,,,,True,,,,,,,-35.9622222222222,-57.8519444444444,,Argentina,INA,Río de la Plata
2228,2228,39,24.0,m,INA,,,,True,,,,,,,-49.3433333333333,-72.8608333333333,,Argentina,INA,
2229,2229,39,24.0,m,INA,,,,True,,,,,,,-42.0997222222222,-71.17,,Argentina,INA,
2355,2355,39,24.0,m,INA,,,,True,,,,,,,-44.9583333333333,-71.3419444444444,,Argentina,INA,
2357,2357,39,24.0,m,INA,,,,True,,,,,,,-31.6302777777778,-60.6777777777778,,Argentina,INA,Río Paraná
2593,2593,39,24.0,m,INA,,,,True,,,,,,,-25.1538888888889,-65.42,,Argentina,INA,Río Paraná
2606,2606,39,24.0,m,INA,,,,True,,,,,,,-42.6513888888889,-70.4355555555556,,Argentina,INA,
2607,2607,39,24.0,m,INA,,,,True,,,,,,,-35.2641666666667,-69.2497222222222,,Argentina,INA,
2608,2608,39,24.0,m,INA,,,,True,,,,,,,-34.6686111111111,-69.3163888888889,,Argentina,INA,
2610,2610,39,24.0,m,INA,,,,True,,,,,,,-42.4955555555556,-71.5411111111111,,Argentina,INA,
2671,2671,39,24.0,m,INA,,,,True,,,,,,,-25.1608333333333,-64.1061111111111,,Argentina,INA,Río Paraná
2672,2672,39,24.0,m,INA,,,,True,,,,,,,-25.1613888888889,-64.1061111111111,,Argentina,INA,Río Paraná
2673,2673,39,24.0,m,INA,,,,True,,,,,,,-31.6611111111111,-60.6019444444444,,Argentina,INA,Río Paraná
2731,2731,39,24.0,m,INA,,,,True,,,,,,,-28.4166666666667,-56.5422222222222,,Argentina,INA,Río Uruguay
2732,2732,39,24.0,m,INA,,,,True,,,,,,,-35.0986111111111,-68.8747222222222,,Argentina,INA,
2762,2762,39,24.0,m,INA,,,,True,,,,,,,-42.1055555555556,-71.7247222222222,,Argentina,INA,
2807,2807,39,24.0,m,INA,,,,True,,,,,,,-26.3741666666667,-63.7244444444444,,Argentina,INA,Río Paraná
2808,2808,39,24.0,m,INA,,,,True,,,,,,,-35.5527777777778,-69.6825,,Argentina,INA,
2809,2809,39,24.0,m,INA,,,,True,,,,,,,-34.7627777777778,-63.645,,Argentina,INA,
2810,2810,39,24.0,m,INA,,,,True,,,,,,,-25.3441666666667,-64.0461111111111,,Argentina,INA,Río Paraná
2812,2812,39,24.0,m,INA,,,,True,,,,,,,-49.3944444444444,-72.8694444444444,,Argentina,INA,
2813,2813,39,24.0,m,INA,,,,True,,,,,,,-28.9166666666667,-57.2363888888889,,Argentina,INA,Río Uruguay
2814,2814,39,24.0,m,INA,,,,True,,,,,,,-25.3933333333333,-64.5922222222222,,Argentina,INA,Río Paraná
2821,2821,39,24.0,m,INA,,,,True,,,,,,,-35.0880555555556,-60.1088888888889,,Argentina,INA,Río de la Plata
2822,2822,39,24.0,m,INA,,,,True,,,,,,,-22.65,-62.2163888888889,,Argentina,INA,Río Paraguay
2823,2823,39,24.0,m,INA,,,,True,,,,,,,-25.2677777777778,-65.2372222222222,,Argentina,INA,Río Paraná
2824,2824,39,24.0,m,INA,,,,True,,,,,,,-35.3241666666667,-70.3111111111111,,Argentina,INA,
2825,2825,39,24.0,m,INA,,,,True,,,,,,,-28.9877777777778,-59.0905555555556,,Argentina,INA,Río Paraná
2826,2826,39,24.0,m,INA,,,,True,,,,,,,-22.7280555555556,-62.2133333333333,,Argentina,INA,Río Paraguay
2828,2828,39,24.0,m,INA,,,,True,,,,,,,-27.5413888888889,-59.1308333333333,,Argentina,INA,Río Paraná
2829,2829,39,24.0,m,INA,,,,True,,,,,,,-30.5802777777778,-59.9233333333333,,Argentina,INA,Río Paraná
2830,2830,39,24.0,m,INA,,,,True,,,,,,,-33.8830555555556,-58.9,,Argentina,INA,Río Paraná
2831,2831,39,24.0,m,INA,,,,True,,,,,,,-45.3191666666667,-69.9477777777778,,Argentina,INA,
2832,2832,39,24.0,m,INA,,,,True,,,,,,,-28.995,-58.5583333333333,,Argentina,INA,Río Paraná
2833,2833,39,24.0,m,INA,,,,True,,,,,,,-31.4947222222222,-60.425,,Argentina,INA,Río Paraná
2834,2834,39,24.0,m,INA,,,,True,,,,,,,-42.2083333333333,-71.4227777777778,,Argentina,INA,
2835,2835,39,24.0,m,INA,,,,True,,,,,,,-32.4219444444444,-63.2447222222222,,Argentina,INA,Río Paraná
2836,2836,39,24.0,m,INA,,,,True,,,,,,,-30.2172222222222,-59.3244444444444,,Argentina,INA,Río Paraná
2837,2837,39,24.0,m,INA,,,,True,,,,,,,-32.3947222222222,-59.7638888888889,,Argentina,INA,Río Paraná
2838,2838,39,24.0,m,INA,,,,True,,,,,,,-35.4594444444445,-59.5747222222222,,Argentina,INA,Río de la Plata
2842,2842,39,24.0,m,INA,,,,True,,,,,,,-47.5113888888889,-71.8719444444444,,Argentina,INA,
2843,2843,39,24.0,m,INA,,,,True,,,,,,,-50.3997222222222,-72.7338888888889,,Argentina,INA,
2844,2844,39,24.0,m,INA,,,,True,,,,,,,-47.3758333333333,-71.9680555555556,,Argentina,INA,
2845,2845,39,24.0,m,INA,,,,True,,,,,,,-49.1238888888889,-72.4855555555555,,Argentina,INA,
2853,2853,39,24.0,m,INA,,,,True,,,,,,,-33.1005555555556,-59.2702777777778,,Argentina,INA,Río Paraná
2854,2854,39,24.0,m,INA,,,,True,,,,,,,-27.5105555555556,-58.5697222222222,,Argentina,INA,Río Paraná
2855,2855,39,24.0,m,INA,,,,True,,,,,,,-35.7263888888889,-58.5363888888889,,Argentina,INA,Río de la Plata
5873,5873,39,24.0,m,INA,,,,True,,,,,,,-34.783421,-58.298648,,Argentina,INA,Río de la Plata
5874,5874,39,24.0,m,INA,,,,True,,,,,,,-34.7650541,-58.3234008,,Argentina,INA,Río de la Plata
5876,5876,39,24.0,m,INA,,,,True,,,,,,,-34.05977,-58.835841,,Argentina,INA,Río Paraná
5901,5901,39,24.0,m,INA,2.3,4.7,5.0,True,,,,,,,-31.72,-60.5175,,Argentina,INA,Río Paraná
