STATION_ID,EXTERNAL_LOCATION_ID,EXTERNAL_PARAMETER_ID,TIMESTEP_HOUR,UNIT,IMPORT_SOURCE,THRESHOLD_LOW,THRESHOLD_YELLOW,THRESHOLD_ORANGE,THRESHOLD_RED,THRESHOLD_WATERINTAKE,THRESHOLD_NAVIGATION,THRESHOLD_MEAN,THRESHOLD_P05,THRESHOLD_P10,THRESHOLD_P90,THRESHOLD_P95,IMPORT,LATITUDE,LONGITUDE,ALTITUDE,TYPE,COUNTRY,ORGANIZATION,SUBBASIN
68,C2C298DAC1EBB179763E064D213E671B4B199F42,47BEF10439748057FFDEAC0E655B86E41E327C0B,744.0,metre,WHOS,,,,,,,,,,,,True,-28.55,-56.0333333333333,,,Argentina,INA,Rio Uruguay
30,3D6199412BFA3DFEAB30DD9E0E4C7EEFEB6DECE1,47BEF10439748057FFDEAC0E655B86E41E327C0B,744.0,metre,WHOS,,,,,,,,,,,,True,-31.6514772196376,-60.7002319185745,,,Argentina,INA,Rio Parana
53,F1B750CEC9401DD5330C861C4F1B2A471C061AF2,47BEF10439748057FFDEAC0E655B86E41E327C0B,744.0,metre,WHOS,,,,,,,,,,,,True,-34.457166,-58.507163,,,Argentina,INA,Rio Parana
77,F5C001AAB05E68773AAEF77E7D4C6085CBD7AD73,47BEF10439748057FFDEAC0E655B86E41E327C0B,744.0,metre,WHOS,,,,,,,,,,,,True,-31.27547,-57.936945,,,Argentina,INA,Rio Uruguay
26,6135FA1CACE01BAE943407C79AE22C01C3E15FE5,47BEF10439748057FFDEAC0E655B86E41E327C0B,744.0,metre,WHOS,,,,,,,,,,,,True,-30.73419972,-59.6381167,,,Argentina,INA,Rio Parana
67,D37C942BC102184B654894014701E8C9C82E7C3D,47BEF10439748057FFDEAC0E655B86E41E327C0B,744.0,metre,WHOS,,,,,,,,,,,,True,-28.1833333333333,-55.65,,,Argentina,INA,Rio Uruguay
8,CFD04512F2051C00F5CFD00C4DE766399684B033,47BEF10439748057FFDEAC0E655B86E41E327C0B,744.0,metre,WHOS,,,,,,,,,,,,True,-25.5833333333333,-53.9833333333333,,,Argentina,INA,Rio Parana
43,81042CDA1B703D918AD40A525AF17DFEED1C7113,47BEF10439748057FFDEAC0E655B86E41E327C0B,744.0,metre,WHOS,,,,,,,,,,,,True,-33.7,-58.65,,,Argentina,INA,Rio Parana
78,ACDBC2528E4886B90A5EE42C12B561ADAD76C29C,47BEF10439748057FFDEAC0E655B86E41E327C0B,744.0,metre,WHOS,,,,,,,,,,,,True,-31.27547,-57.936945,,,Argentina,INA,Rio Uruguay
37,62F1E6097F9C921CE05EA42C052E7B9070D3ED3F,47BEF10439748057FFDEAC0E655B86E41E327C0B,744.0,metre,WHOS,,,,,,,,,,,,True,-33.4780656197056,-59.9957013181522,,,Argentina,INA,Rio Parana
80,AA4B4E28366A41E880778F210F9C0378F4A41DEC,47BEF10439748057FFDEAC0E655B86E41E327C0B,744.0,metre,WHOS,,,,,,,,,,,,True,-32.2333333333333,-58.1166666666667,,,Argentina,INA,Rio Uruguay
55,B76F89BC3A30F644310F1CC4C611C7EA6047DA7A,47BEF10439748057FFDEAC0E655B86E41E327C0B,744.0,metre,WHOS,,,,,,,,,,,,True,-25.3666666666667,-57.65,,,Argentina,INA,Rio Paraguay
29,D35B4E539A4840513F23C64F15BE89333B7488D7,47BEF10439748057FFDEAC0E655B86E41E327C0B,744.0,metre,WHOS,,,,,,,,,,,,True,-31.7182378629681,-60.5225697750899,,,Argentina,INA,Rio Parana
40,74B2BA23C3119E3A6F5FEDDE2538CF0A71C9B9D1,47BEF10439748057FFDEAC0E655B86E41E327C0B,744.0,metre,WHOS,,,,,,,,,,,,True,-34.0987818311696,-59.0108657589595,,,Argentina,INA,Rio Parana
47,E60DE9451F775E0593AA2C8EE3BEF65434956F71,47BEF10439748057FFDEAC0E655B86E41E327C0B,744.0,metre,WHOS,,,,,,,,,,,,True,-34.1902896924007,-58.2530455191105,,,Argentina,INA,Rio de la Plata
32,F7B576003D884D72C79ED4D9417E4119A53E69F2,47BEF10439748057FFDEAC0E655B86E41E327C0B,744.0,metre,WHOS,,,,,,,,,,,,True,-32.6558456373673,-60.2195849446607,,,Argentina,INA,Rio Parana
61,7040838B6BB402DAAA03931F9AEC8113C897D73A,47BEF10439748057FFDEAC0E655B86E41E327C0B,744.0,metre,WHOS,,,,,,,,,,,,True,-27.3,-54.2,,,Argentina,INA,Rio Uruguay
85,B46DE00167E598BB18215E7A4A9BF73F4C5146AC,47BEF10439748057FFDEAC0E655B86E41E327C0B,744.0,metre,WHOS,,,,,,,,,,,,True,-34.56108,-58.399288,,,Argentina,INA,Rio de la Plata
27,79A4E7BBA0EAE4C1ECC9B543EBEBB61D03923B70,47BEF10439748057FFDEAC0E655B86E41E327C0B,744.0,metre,WHOS,,,,,,,,,,,,True,-30.95,-59.7833333333333,,,Argentina,INA,Rio Parana
44,B67E46C71CCF5E78B7B9C36ABA318E30E6ED22E6,47BEF10439748057FFDEAC0E655B86E41E327C0B,744.0,metre,WHOS,,,,,,,,,,,,True,-33.8627031166646,-58.6604197120006,,,Argentina,INA,Rio Parana
36,571C8A97E1C39724CF73722D8E57FD01D1F74995,47BEF10439748057FFDEAC0E655B86E41E327C0B,744.0,metre,WHOS,,,,,,,,,,,,True,-33.3420008188866,-60.1895279977149,,,Argentina,INA,Rio Parana
63,33C685BA3FF20E0870CA03E8ECFA310150C64722,47BEF10439748057FFDEAC0E655B86E41E327C0B,744.0,metre,WHOS,,,,,,,,,,,,True,-27.572,-54.678494,,,Argentina,INA,Rio Uruguay
51,50C3A8E9E675E007EFFAFFCD2CE5ED60AD969AEF,47BEF10439748057FFDEAC0E655B86E41E327C0B,744.0,metre,WHOS,,,,,,,,,,,,True,-34.2,-58.4833333333,,,Argentina,INA,Rio Parana
12,CA007BE7629501EE123B186060EA1A5306C07E2B,47BEF10439748057FFDEAC0E655B86E41E327C0B,744.0,metre,WHOS,,,,,,,,,,,,True,-26.8,-55.0333333333333,,,Argentina,INA,Rio Parana
74,0DF4C4284AA14E0A545C0F855B4F6FF558693CEE,47BEF10439748057FFDEAC0E655B86E41E327C0B,744.0,metre,WHOS,,,,,,,,,,,,True,-30.25,-57.6333333333333,,,Argentina,INA,Rio Uruguay
22,F4534D9D46150B5FD12676DC99ED05E12787680C,47BEF10439748057FFDEAC0E655B86E41E327C0B,744.0,metre,WHOS,,,,,,,,,,,,True,-28.51840072,-59.05931723,,,Argentina,INA,Rio Parana
41,DC15468BA16B8D90E1A61450B47D9B38219AFCB8,47BEF10439748057FFDEAC0E655B86E41E327C0B,744.0,metre,WHOS,,,,,,,,,,,,True,-34.1555854281116,-58.9581750062675,,,Argentina,INA,Rio Parana
73,DDB5F3CFF1E563D0C75257A976143F69FA626E27,47BEF10439748057FFDEAC0E655B86E41E327C0B,744.0,metre,WHOS,,,,,,,,,,,,True,-29.872652,-57.332887,,,Argentina,INA,Rio Uruguay
50,5DDC0B85A43A41AFA6919D06B82FA10863F503D0,47BEF10439748057FFDEAC0E655B86E41E327C0B,744.0,metre,WHOS,,,,,,,,,,,,True,-34.351576,-58.686115,,,Argentina,INA,Rio Parana
52,61E2F61769D326D7DC1544C1824AB5133EE45E76,47BEF10439748057FFDEAC0E655B86E41E327C0B,744.0,metre,WHOS,,,,,,,,,,,,True,-34.4333333333,-58.55,,,Argentina,INA,Rio Parana
18,63A1ADE93C452A399E5A5187A5C15EF7F27D40C4,47BEF10439748057FFDEAC0E655B86E41E327C0B,744.0,metre,WHOS,,,,,,,,,,,,True,-27.3333333333333,-58.5833333333333,,,Argentina,INA,Rio Parana
42,3010AEE13C1C05E3F80B72D0CCD97B4116D7A296,47BEF10439748057FFDEAC0E655B86E41E327C0B,744.0,metre,WHOS,,,,,,,,,,,,True,-34.3,-58.7333333333,,,Argentina,INA,Rio Parana
21,D7BF310BFDE2F3E70A058C5A755C0CE0B4FD47EA,47BEF10439748057FFDEAC0E655B86E41E327C0B,744.0,metre,WHOS,,,,,,,,,,,,True,-27.95412346,-58.81852419,,,Argentina,INA,Rio Parana
79,FB7404060DA544222C32F7A19374FB217127E928,47BEF10439748057FFDEAC0E655B86E41E327C0B,744.0,metre,WHOS,,,,,,,,,,,,True,-31.4,-58.0166666666667,,,Argentina,INA,Rio Uruguay
99,47660627436A20DDC7D98444A4A3C7C3E58A3DEF,47BEF10439748057FFDEAC0E655B86E41E327C0B,744.0,metre,WHOS,,,,,,,,,,,,True,-33.0144444444444,-58.5041666666667,,,Argentina,INA,Rio Uruguay
15,82D073A24311EEE66681ED4BBA42BB75FA9F978F,47BEF10439748057FFDEAC0E655B86E41E327C0B,744.0,metre,WHOS,,,,,,,,,,,,True,-27.5833333333333,-56.7,,,Argentina,INA,Rio Parana
25,6A24F7B4BBFA5FDC3455795F38CE850F9F63D0E1,47BEF10439748057FFDEAC0E655B86E41E327C0B,744.0,metre,WHOS,,,,,,,,,,,,True,-30.01924089,-59.53663483,,,Argentina,INA,Rio Parana
65,670DBE1488487406B9BFA7BBC32FFE83EF34D28B,47BEF10439748057FFDEAC0E655B86E41E327C0B,744.0,metre,WHOS,,,,,,,,,,,,True,-27.8833333333333,-55.1333333333333,,,Argentina,INA,Rio Uruguay
86,A573FA90F24A367B715477B925985B3927756959,47BEF10439748057FFDEAC0E655B86E41E327C0B,744.0,metre,WHOS,,,,,,,,,,,,True,-34.824196,-57.873546,,,Argentina,INA,Rio de la Plata
49,7200896402CF2439132DE71EFE741CE1F0114A5D,47BEF10439748057FFDEAC0E655B86E41E327C0B,744.0,metre,WHOS,,,,,,,,,,,,True,-34.4159316389634,-58.5779747237367,,,Argentina,INA,Rio Parana
39,B54397145A8B33AA534D90790E56565C775BB73E,47BEF10439748057FFDEAC0E655B86E41E327C0B,744.0,metre,WHOS,,,,,,,,,,,,True,-33.8006916108445,-59.4955962110789,,,Argentina,INA,Rio Parana
46,CC557B9AF21B77CE8B66E033E1BC3ECAE6ED8D63,47BEF10439748057FFDEAC0E655B86E41E327C0B,744.0,metre,WHOS,,,,,,,,,,,,True,-33.2166666667,-59.3666666667,,,Argentina,INA,Rio Parana
10,3437B9EF80504B6A2526BF065B78AB9DAE4BD857,47BEF10439748057FFDEAC0E655B86E41E327C0B,744.0,metre,WHOS,,,,,,,,,,,,True,-25.916679,-54.621134,,,Argentina,INA,Rio Parana
60,83E7B8B582A8A3FE42A371027368CCC84EB7BFFF,47BEF10439748057FFDEAC0E655B86E41E327C0B,744.0,metre,WHOS,,,,,,,,,,,,True,-27.153744,-53.933149,,,Argentina,INA,Rio Uruguay
69,FD659B06C6075E54A63CEFD27E89BB991DAA1932,47BEF10439748057FFDEAC0E655B86E41E327C0B,744.0,metre,WHOS,,,,,,,,,,,,True,-29.1,-56.55,,,Argentina,INA,Rio Uruguay
76,74F7D8A3F6803DA40599EFD3EE853273E011C88B,47BEF10439748057FFDEAC0E655B86E41E327C0B,744.0,metre,WHOS,,,,,,,,,,,,True,-30.993221,-57.914682,,,Argentina,INA,Rio Uruguay
75,3997AE4330E70BBA2C79F274ED06EF5BF9BEEC87,47BEF10439748057FFDEAC0E655B86E41E327C0B,744.0,metre,WHOS,,,,,,,,,,,,True,-30.715682,-57.81776,,,Argentina,INA,Rio Uruguay
14,23137FB463C0902450418E9E2F0D38C719419AA9,47BEF10439748057FFDEAC0E655B86E41E327C0B,744.0,metre,WHOS,,,,,,,,,,,,True,-27.3666666666667,-55.8833333333333,,,Argentina,INA,Rio Parana
56,5AB910A0EF735860C5398BF0C93A7159F9229B7E,47BEF10439748057FFDEAC0E655B86E41E327C0B,744.0,metre,WHOS,,,,,,,,,,,,True,-25.451947,-57.568182,,,Argentina,INA,Rio Paraguay
66,1D1A4A88A38A87144856D91B7485BEDA052F3785,47BEF10439748057FFDEAC0E655B86E41E327C0B,744.0,metre,WHOS,,,,,,,,,,,,True,-28.119193,-55.581369,,,Argentina,INA,Rio Uruguay
45,DCAB4795CA8DFA181EB7BBB237CAA7959A2A5C08,47BEF10439748057FFDEAC0E655B86E41E327C0B,744.0,metre,WHOS,,,,,,,,,,,,True,-33.7619777376355,-59.1800594404244,,,Argentina,INA,Rio Parana
24,E13F5E190058E802BFDB76A1D5A01D078949D9F7,47BEF10439748057FFDEAC0E655B86E41E327C0B,744.0,metre,WHOS,,,,,,,,,,,,True,-29.23756092,-59.58115833,,,Argentina,INA,Rio Parana
54,0631B7B04F01E90D4B4EBCC982CCDF085789D708,47BEF10439748057FFDEAC0E655B86E41E327C0B,744.0,metre,WHOS,,,,,,,,,,,,True,-34.506666,-58.475863,,,Argentina,INA,Rio Parana
70,31D82205915ED54E7C179E2192C03D40C627B1EB,47BEF10439748057FFDEAC0E655B86E41E327C0B,744.0,metre,WHOS,,,,,,,,,,,,True,-29.18062,-56.633977,,,Argentina,INA,Rio Uruguay
48,AE528C29896E315FD6B55965B94482D86189B52F,47BEF10439748057FFDEAC0E655B86E41E327C0B,744.0,metre,WHOS,,,,,,,,,,,,True,-34.0166666667,-58.4,,,Argentina,INA,Rio Parana
84,A7DE26B8D2992A659371E9CA6AD3D9A2DA5F807C,47BEF10439748057FFDEAC0E655B86E41E327C0B,744.0,metre,WHOS,,,,,,,,,,,,True,-33.0666666666667,-58.4166666666667,,,Argentina,INA,Rio Uruguay
16,528AED04838C36114A1AAFF97226D7435873DEAC,47BEF10439748057FFDEAC0E655B86E41E327C0B,744.0,metre,WHOS,,,,,,,,,,,,True,-27.42336098,-57.33326783,,,Argentina,INA,Rio Parana
13,9061632537E0130BDE5287F99D11C567FA17C639,47BEF10439748057FFDEAC0E655B86E41E327C0B,744.0,metre,WHOS,,,,,,,,,,,,True,-27.33509,-55.588412,,,Argentina,INA,Rio Parana
81,2BCE48EE8CEBADAA5C3D6997132A775D1713A66D,47BEF10439748057FFDEAC0E655B86E41E327C0B,744.0,metre,WHOS,,,,,,,,,,,,True,-32.4833333333333,-58.2333333333333,,,Argentina,INA,Rio Uruguay
57,588230A4E9F7E8B48E57262B53FC4BBE511DB6D6,47BEF10439748057FFDEAC0E655B86E41E327C0B,744.0,metre,WHOS,,,,,,,,,,,,True,-26.1833333333333,-58.1833333333333,,,Argentina,INA,Rio Paraguay
23,B0BC8F82B4D8286A937AA5B3E07D7B4C3C0C496F,47BEF10439748057FFDEAC0E655B86E41E327C0B,744.0,metre,WHOS,,,,,,,,,,,,True,-29.14376844,-59.27303952,,,Argentina,INA,Rio Parana
34,CCA40036EDCA13FB4BCBE1305FC3EF866E8CF015,47BEF10439748057FFDEAC0E655B86E41E327C0B,744.0,metre,WHOS,,,,,,,,,,,,True,-32.9432699442268,-60.6308206029857,,,Argentina,INA,Rio Parana
31,5C8EF67B0462BAA6A87709286124205B0BEF419B,47BEF10439748057FFDEAC0E655B86E41E327C0B,744.0,metre,WHOS,,,,,,,,,,,,True,-32.0715615377843,-60.6432219715378,,,Argentina,INA,Rio Parana
71,89FC35A138E8504BEA5BC91BA0EBFC609F4E1FF2,47BEF10439748057FFDEAC0E655B86E41E327C0B,744.0,metre,WHOS,,,,,,,,,,,,True,-29.470031,-56.810674,,,Argentina,INA,Rio Uruguay
9,D72E4C7C36119D3899C5C78BD12ACD8D81B842FC,47BEF10439748057FFDEAC0E655B86E41E327C0B,744.0,metre,WHOS,,,,,,,,,,,,True,-25.5833333333333,-54.5666666666667,,,Argentina,INA,Rio Parana
11,07DA95953F3613A09F1B26E3E89D643667C2B3C1,47BEF10439748057FFDEAC0E655B86E41E327C0B,744.0,metre,WHOS,,,,,,,,,,,,True,-26.3833333333333,-54.7,,,Argentina,INA,Rio Parana
19,F426CC5C7D4A1563EE3B41E4F50FB4DE8568D3F2,47BEF10439748057FFDEAC0E655B86E41E327C0B,744.0,metre,WHOS,,,,,,,,,,,,True,-27.46364349,-58.8388696,,,Argentina,INA,Rio Parana
58,F26B1575DF7CEEE1C4A22D52BA4B9BD4E4697846,47BEF10439748057FFDEAC0E655B86E41E327C0B,744.0,metre,WHOS,,,,,,,,,,,,True,-26.92629,-58.506205,,,Argentina,INA,Rio Paraguay
35,3B7EE6EF1F824F3574652A572CCA60B09CDBF08B,47BEF10439748057FFDEAC0E655B86E41E327C0B,744.0,metre,WHOS,,,,,,,,,,,,True,-33.2354221667103,-60.3091044341421,,,Argentina,INA,Rio Parana
20,A0B3D2485864049356783CD1DE136A84768E9284,47BEF10439748057FFDEAC0E655B86E41E327C0B,744.0,metre,WHOS,,,,,,,,,,,,True,-27.4833333333333,-58.9333333333333,,,Argentina,INA,Rio Parana
59,56CCCA1063FBAD68EA57CE20C26BBE055B7D9685,47BEF10439748057FFDEAC0E655B86E41E327C0B,744.0,metre,WHOS,,,,,,,,,,,,True,-27.3166666666667,-58.6166666666667,,,Argentina,INA,Rio Parana
72,5D4AF2886B4D79302D1F3F2EE3F33420865A2411,47BEF10439748057FFDEAC0E655B86E41E327C0B,744.0,metre,WHOS,,,,,,,,,,,,True,-29.7166666666667,-57.0833333333333,,,Argentina,INA,Rio Uruguay
33,200AAA2D2D841E7DFDC95E1934F65AE569A4B37C,47BEF10439748057FFDEAC0E655B86E41E327C0B,744.0,metre,WHOS,,,,,,,,,,,,True,-32.7336256031375,-60.7256705696322,,,Argentina,INA,Rio Parana
38,7FE2C8C2F189385DC638AFB4B76D3A2B8092490E,47BEF10439748057FFDEAC0E655B86E41E327C0B,744.0,metre,WHOS,,,,,,,,,,,,True,-33.6745267329027,-59.6497183332918,,,Argentina,INA,Rio Parana
28,E90A51ED13E1C1A69D112CD6A6CB7298806DC59D,47BEF10439748057FFDEAC0E655B86E41E327C0B,744.0,metre,WHOS,,,,,,,,,,,,True,-31.22650904,-59.99193936,,,Argentina,INA,Rio Parana
17,DD7287DE57DFAD2B69C2D99C2B72BDA7450E952C,47BEF10439748057FFDEAC0E655B86E41E327C0B,744.0,metre,WHOS,,,,,,,,,,,,True,-27.26677773,-58.24407387,,,Argentina,INA,Rio Parana
18,63A1ADE93C452A399E5A5187A5C15EF7F27D40C4,435723334E47400E56AAD9E883BC3314709A48D9,24.0,metre,WHOS,,,,,,,,,,,,True,-27.3333333333333,-58.5833333333333,,,Argentina,INA,Rio Parana
2199,33D8EF13796FA55AD42D54A54EF43D6DEB4CB529,435723334E47400E56AAD9E883BC3314709A48D9,24.0,metre,WHOS,,,,,,,,,,,,True,-29.7572222222222,-59.2172222222222,,,Argentina,INA,Rio Parana
2809,6C67543AD191CD0E66EB6FD1287E1773FFA6F3F9,435723334E47400E56AAD9E883BC3314709A48D9,24.0,metre,WHOS,,,,,,,,,,,,True,-34.7627777777778,-63.645,,,Argentina,INA,
2119,9B3843DBBE8681B8C0CE90762C0ECC7D4EDA91CD,435723334E47400E56AAD9E883BC3314709A48D9,24.0,metre,WHOS,,,,,,,,,,,,True,-31.0105555555556,-62.7883333333333,,,Argentina,INA,
1706,A56CEB23DB35E98194C49ED911788963527781E1,435723334E47400E56AAD9E883BC3314709A48D9,24.0,metre,WHOS,,,,,,,,,,,,True,-35.0999984741211,-57.13330078125,,,Argentina,INA,Rio de la Plata
58,F26B1575DF7CEEE1C4A22D52BA4B9BD4E4697846,435723334E47400E56AAD9E883BC3314709A48D9,24.0,metre,WHOS,,,,,,,,,,,,True,-26.92629,-58.506205,,,Argentina,INA,Rio Paraguay
25,6A24F7B4BBFA5FDC3455795F38CE850F9F63D0E1,435723334E47400E56AAD9E883BC3314709A48D9,24.0,metre,WHOS,,,,,,,,,,,,True,-30.01924089,-59.53663483,,,Argentina,INA,Rio Parana
68,C2C298DAC1EBB179763E064D213E671B4B199F42,435723334E47400E56AAD9E883BC3314709A48D9,24.0,metre,WHOS,,,,,,,,,,,,True,-28.55,-56.0333333333333,,,Argentina,INA,Rio Uruguay
11,07DA95953F3613A09F1B26E3E89D643667C2B3C1,435723334E47400E56AAD9E883BC3314709A48D9,24.0,metre,WHOS,,,,,,,,,,,,True,-26.3833333333333,-54.7,,,Argentina,INA,Rio Parana
2357,0C937248516F668D72D94BE6046DEE6585E79D22,435723334E47400E56AAD9E883BC3314709A48D9,24.0,metre,WHOS,,,,,,,,,,,,True,-31.6302777777778,-60.6777777777778,,,Argentina,INA,Rio Parana
2193,2591A485BB62FD934A47788C1281DBEF42327059,435723334E47400E56AAD9E883BC3314709A48D9,24.0,metre,WHOS,,,,,,,,,,,,True,-25.6511111111111,-60.1280555555556,,,Argentina,INA,Rio Paraguay
61,7040838B6BB402DAAA03931F9AEC8113C897D73A,435723334E47400E56AAD9E883BC3314709A48D9,24.0,metre,WHOS,,,,,,,,,,,,True,-27.3,-54.2,,,Argentina,INA,Rio Uruguay
34,CCA40036EDCA13FB4BCBE1305FC3EF866E8CF015,435723334E47400E56AAD9E883BC3314709A48D9,24.0,metre,WHOS,,,,,,,,,,,,True,-32.9432699442268,-60.6308206029857,,,Argentina,INA,Rio Parana
84,A7DE26B8D2992A659371E9CA6AD3D9A2DA5F807C,435723334E47400E56AAD9E883BC3314709A48D9,24.0,metre,WHOS,,,,,,,,,,,,True,-33.0666666666667,-58.4166666666667,,,Argentina,INA,Rio Uruguay
1028,3272C8066D690B758E76BE47FFFA90B6D809299D,435723334E47400E56AAD9E883BC3314709A48D9,24.0,metre,WHOS,,,,,,,,,,,,True,-30.58639,-56.230152,,,Uruguay,INA,Rio Uruguay
2178,6E40C41DBA2529CC4BC79B5E8AEF9AF086FF6C6E,435723334E47400E56AAD9E883BC3314709A48D9,24.0,metre,WHOS,,,,,,,,,,,,True,-25.5905555555556,-53.995,,,Argentina,INA,Rio Parana
2185,7A84DC6B4475EE1FE029EFBA5AE71CDC14702E93,435723334E47400E56AAD9E883BC3314709A48D9,24.0,metre,WHOS,,,,,,,,,,,,True,-29.795,-62.8061111111111,,,Argentina,INA,
1017,2028AAF9D36AC015ADACC1ED2A03E116DDE2B180,435723334E47400E56AAD9E883BC3314709A48D9,24.0,metre,WHOS,,,,,,,,,,,,True,-29.470444,-56.81167,,,Argentina,INA,Rio Uruguay
48,AE528C29896E315FD6B55965B94482D86189B52F,435723334E47400E56AAD9E883BC3314709A48D9,24.0,metre,WHOS,,,,,,,,,,,,True,-34.0166666667,-58.4,,,Argentina,INA,Rio Parana
2807,81F79275A120E84517CE960F69FAA4F7CAB758C4,435723334E47400E56AAD9E883BC3314709A48D9,24.0,metre,WHOS,,,,,,,,,,,,True,-26.3741666666667,-63.7244444444444,,,Argentina,INA,Rio Parana
46,CC557B9AF21B77CE8B66E033E1BC3ECAE6ED8D63,435723334E47400E56AAD9E883BC3314709A48D9,24.0,metre,WHOS,,,,,,,,,,,,True,-33.2166666667,-59.3666666667,,,Argentina,INA,Rio Parana
1035,94BF5172735BD48140FA057F615CA5ABB466EFE3,435723334E47400E56AAD9E883BC3314709A48D9,24.0,metre,WHOS,,,,,,,,,,,,True,-28.177515,-55.642269,,,Argentina,INA,Rio Uruguay
175,FC3CC2C3DD097A3BAC060C001DD2B66EC2397460,435723334E47400E56AAD9E883BC3314709A48D9,24.0,metre,WHOS,,,,,,,,,,,,True,-31.042868,-60.841003,,,Argentina,INA,Rio Parana
85,B46DE00167E598BB18215E7A4A9BF73F4C5146AC,435723334E47400E56AAD9E883BC3314709A48D9,24.0,metre,WHOS,,,,,,,,,,,,True,-34.56108,-58.399288,,,Argentina,INA,Rio de la Plata
1701,88FF4DFA61B0D598BAEBCABB95C9BEC1518F74D4,435723334E47400E56AAD9E883BC3314709A48D9,24.0,metre,WHOS,,,,,,,,,,,,True,-33.0666666666667,-58.4166666666667,,,Argentina,INA,Rio Uruguay
2832,083988DC8C2E39D6E0C82B296A857F6A088B8028,435723334E47400E56AAD9E883BC3314709A48D9,24.0,metre,WHOS,,,,,,,,,,,,True,-28.995,-58.5583333333333,,,Argentina,INA,Rio Parana
32,F7B576003D884D72C79ED4D9417E4119A53E69F2,435723334E47400E56AAD9E883BC3314709A48D9,24.0,metre,WHOS,,,,,,,,,,,,True,-32.6558456373673,-60.2195849446607,,,Argentina,INA,Rio Parana
1016,D12DF1D6F6C51AD39BD2AEAF9EFF1576C6221957,435723334E47400E56AAD9E883BC3314709A48D9,24.0,metre,WHOS,,,,,,,,,,,,True,-31.404212,-58.002561,,,Argentina,INA,Rio Uruguay
79,FB7404060DA544222C32F7A19374FB217127E928,435723334E47400E56AAD9E883BC3314709A48D9,24.0,metre,WHOS,,,,,,,,,,,,True,-31.4,-58.0166666666667,,,Argentina,INA,Rio Uruguay
71,89FC35A138E8504BEA5BC91BA0EBFC609F4E1FF2,435723334E47400E56AAD9E883BC3314709A48D9,24.0,metre,WHOS,,,,,,,,,,,,True,-29.470031,-56.810674,,,Argentina,INA,Rio Uruguay
77,F5C001AAB05E68773AAEF77E7D4C6085CBD7AD73,435723334E47400E56AAD9E883BC3314709A48D9,24.0,metre,WHOS,,,,,,,,,,,,True,-31.27547,-57.936945,,,Argentina,INA,Rio Uruguay
2149,82457A0E7569826EBE02A2B10DEE2F221899FCB0,435723334E47400E56AAD9E883BC3314709A48D9,24.0,metre,WHOS,,,,,,,,,,,,True,-25.6766666666667,-54.4213888888889,,,Argentina,INA,Rio Parana
1019,DBCC866063439D2CCFADC5CA1735F2E47F85C0F1,435723334E47400E56AAD9E883BC3314709A48D9,24.0,metre,WHOS,,,,,,,,,,,,True,-29.112957,-56.555522,,,Argentina,INA,Rio Uruguay
5912,23BD907698DD8ECB9FDB53B7DE5B7B1F65DE0689,435723334E47400E56AAD9E883BC3314709A48D9,24.0,metre,WHOS,,,,,,,,,,,,True,-32.7197222222222,-60.7261111111111,,,,INA,Rio Parana
49,7200896402CF2439132DE71EFE741CE1F0114A5D,435723334E47400E56AAD9E883BC3314709A48D9,24.0,metre,WHOS,,,,,,,,,,,,True,-34.4159316389634,-58.5779747237367,,,Argentina,INA,Rio Parana
105,4919C3D903257EE1B6187A209CD56A705AC17EDA,435723334E47400E56AAD9E883BC3314709A48D9,24.0,metre,WHOS,,,,,,,,,,,,True,-29.2751666666667,-61.7439444444444,,,Argentina,INA,Rio Parana
2180,4E035725FA8BD50D54D27DD59038058A46EDA696,435723334E47400E56AAD9E883BC3314709A48D9,24.0,metre,WHOS,,,,,,,,,,,,True,-35.1686111111111,-66.4963888888889,,,Argentina,INA,
60,83E7B8B582A8A3FE42A371027368CCC84EB7BFFF,435723334E47400E56AAD9E883BC3314709A48D9,24.0,metre,WHOS,,,,,,,,,,,,True,-27.153744,-53.933149,,,Argentina,INA,Rio Uruguay
2198,6503960D1115120EA7E2D2A5337C22D5AA324EFB,435723334E47400E56AAD9E883BC3314709A48D9,24.0,metre,WHOS,,,,,,,,,,,,True,-29.0311111111111,-58.7883333333333,,,Argentina,INA,Rio Parana
2593,F45F5FAEEF741726DE30A11CACBB73011F6E99D6,435723334E47400E56AAD9E883BC3314709A48D9,24.0,metre,WHOS,,,,,,,,,,,,True,-25.1538888888889,-65.42,,,Argentina,INA,Rio Parana
2855,03C374EB21A381FD55E11B5F55C508DDB027E3AA,435723334E47400E56AAD9E883BC3314709A48D9,24.0,metre,WHOS,,,,,,,,,,,,True,-35.7263888888889,-58.5363888888889,,,Argentina,INA,Rio de la Plata
2215,ECF425708E7A51D0047EAD3824801C786A0948FF,435723334E47400E56AAD9E883BC3314709A48D9,24.0,metre,WHOS,,,,,,,,,,,,True,-34.2405555555556,-59.4994444444444,,,Argentina,INA,Rio Parana
72,5D4AF2886B4D79302D1F3F2EE3F33420865A2411,435723334E47400E56AAD9E883BC3314709A48D9,24.0,metre,WHOS,,,,,,,,,,,,True,-29.7166666666667,-57.0833333333333,,,Argentina,INA,Rio Uruguay
2120,7F1DF3BC70BFF46D3A8A22BE54716EA638CEE99C,435723334E47400E56AAD9E883BC3314709A48D9,24.0,metre,WHOS,,,,,,,,,,,,True,-30.9119444444444,-62.6777777777778,,,Argentina,INA,
2150,1E45E54A6B4BB132BD13859512C073294961F972,435723334E47400E56AAD9E883BC3314709A48D9,24.0,metre,WHOS,,,,,,,,,,,,True,-29.8458333333333,-57.675,,,Argentina,INA,Rio Uruguay
12,CA007BE7629501EE123B186060EA1A5306C07E2B,435723334E47400E56AAD9E883BC3314709A48D9,24.0,metre,WHOS,,,,,,,,,,,,True,-26.8,-55.0333333333333,,,Argentina,INA,Rio Parana
2129,3F8A3DD4FBEDDA5B5D4164838423EED23FF1BD21,435723334E47400E56AAD9E883BC3314709A48D9,24.0,metre,WHOS,,,,,,,,,,,,True,-34.0866666666667,-60.0072222222222,,,Argentina,INA,Rio Parana
1021,180ADC4B12D87B2FFC83EA204932EEEBF4FF4840,435723334E47400E56AAD9E883BC3314709A48D9,24.0,metre,WHOS,,,,,,,,,,,,True,-29.721745,-57.082856,,,Argentina,INA,Rio Uruguay
2122,9A1FA0C9F7E35660F497B8BE2FFDE6142DDE5B17,435723334E47400E56AAD9E883BC3314709A48D9,24.0,metre,WHOS,,,,,,,,,,,,True,-36.8425,-66.9952777777778,,,Argentina,INA,
9,D72E4C7C36119D3899C5C78BD12ACD8D81B842FC,435723334E47400E56AAD9E883BC3314709A48D9,24.0,metre,WHOS,,,,,,,,,,,,True,-25.5833333333333,-54.5666666666667,,,Argentina,INA,Rio Parana
2829,4BCD989A5747F35347595267436BBFFCDA7DFC17,435723334E47400E56AAD9E883BC3314709A48D9,24.0,metre,WHOS,,,,,,,,,,,,True,-30.5802777777778,-59.9233333333333,,,Argentina,INA,Rio Parana
81,2BCE48EE8CEBADAA5C3D6997132A775D1713A66D,435723334E47400E56AAD9E883BC3314709A48D9,24.0,metre,WHOS,,,,,,,,,,,,True,-32.4833333333333,-58.2333333333333,,,Argentina,INA,Rio Uruguay
1039,097BA85150EEEA83226EFED42D3D4DF56342C926,435723334E47400E56AAD9E883BC3314709A48D9,24.0,metre,WHOS,,,,,,,,,,,,True,-27.153304,-53.933283,,,Argentina,INA,Rio Uruguay
2223,55440480D43CFA16A866CB016705A37FCD6699C1,435723334E47400E56AAD9E883BC3314709A48D9,24.0,metre,WHOS,,,,,,,,,,,,True,-27.9402777777778,-63.4397222222222,,,Argentina,INA,Rio Parana
27,79A4E7BBA0EAE4C1ECC9B543EBEBB61D03923B70,435723334E47400E56AAD9E883BC3314709A48D9,24.0,metre,WHOS,,,,,,,,,,,,True,-30.95,-59.7833333333333,,,Argentina,INA,Rio Parana
15,82D073A24311EEE66681ED4BBA42BB75FA9F978F,435723334E47400E56AAD9E883BC3314709A48D9,24.0,metre,WHOS,,,,,,,,,,,,True,-27.5833333333333,-56.7,,,Argentina,INA,Rio Parana
5874,0771C9EB87F2F7D575130F05DF171C8251D08902,435723334E47400E56AAD9E883BC3314709A48D9,24.0,metre,WHOS,,,,,,,,,,,,True,-34.7650541,-58.3234008,,,Argentina,INA,Rio de la Plata
2132,0A035A3DB99A8C62D0508BBF8F08BFE2C8E520BF,435723334E47400E56AAD9E883BC3314709A48D9,24.0,metre,WHOS,,,,,,,,,,,,True,-29.165,-59.3283333333333,,,Argentina,INA,Rio Parana
10,3437B9EF80504B6A2526BF065B78AB9DAE4BD857,435723334E47400E56AAD9E883BC3314709A48D9,24.0,metre,WHOS,,,,,,,,,,,,True,-25.916679,-54.621134,,,Argentina,INA,Rio Parana
2113,8243A0BE23244E2BD9B677986AFE93BC49A9455D,435723334E47400E56AAD9E883BC3314709A48D9,24.0,metre,WHOS,,,,,,,,,,,,True,-32.0177777777778,-60.9902777777778,,,Argentina,INA,Rio Parana
41,DC15468BA16B8D90E1A61450B47D9B38219AFCB8,435723334E47400E56AAD9E883BC3314709A48D9,24.0,metre,WHOS,,,,,,,,,,,,True,-34.1555854281116,-58.9581750062675,,,Argentina,INA,Rio Parana
42,3010AEE13C1C05E3F80B72D0CCD97B4116D7A296,435723334E47400E56AAD9E883BC3314709A48D9,24.0,metre,WHOS,,,,,,,,,,,,True,-34.3,-58.7333333333,,,Argentina,INA,Rio Parana
75,3997AE4330E70BBA2C79F274ED06EF5BF9BEEC87,435723334E47400E56AAD9E883BC3314709A48D9,24.0,metre,WHOS,,,,,,,,,,,,True,-30.715682,-57.81776,,,Argentina,INA,Rio Uruguay
69,FD659B06C6075E54A63CEFD27E89BB991DAA1932,435723334E47400E56AAD9E883BC3314709A48D9,24.0,metre,WHOS,,,,,,,,,,,,True,-29.1,-56.55,,,Argentina,INA,Rio Uruguay
2673,90057835EE86A090C998496AC4CA90DA307F8A14,435723334E47400E56AAD9E883BC3314709A48D9,24.0,metre,WHOS,,,,,,,,,,,,True,-31.6611111111111,-60.6019444444444,,,Argentina,INA,Rio Parana
2833,58F6E80F0E74DFFBF501901C91353411E97218C8,435723334E47400E56AAD9E883BC3314709A48D9,24.0,metre,WHOS,,,,,,,,,,,,True,-31.4947222222222,-60.425,,,Argentina,INA,Rio Parana
5873,2F190CDFFF989A2A5B3FA8C9DBC9B85DEEA8C8F0,435723334E47400E56AAD9E883BC3314709A48D9,24.0,metre,WHOS,,,,,,,,,,,,True,-34.783421,-58.298648,,,Argentina,INA,Rio de la Plata
45,DCAB4795CA8DFA181EB7BBB237CAA7959A2A5C08,435723334E47400E56AAD9E883BC3314709A48D9,24.0,metre,WHOS,,,,,,,,,,,,True,-33.7619777376355,-59.1800594404244,,,Argentina,INA,Rio Parana
50,5DDC0B85A43A41AFA6919D06B82FA10863F503D0,435723334E47400E56AAD9E883BC3314709A48D9,24.0,metre,WHOS,,,,,,,,,,,,True,-34.351576,-58.686115,,,Argentina,INA,Rio Parana
2212,014C9EA6CE9A05EF88D120CF4A7C162F687E1838,435723334E47400E56AAD9E883BC3314709A48D9,24.0,metre,WHOS,,,,,,,,,,,,True,-34.2419444444444,-62.1211111111111,,,Argentina,INA,
103,02E07E2F72A815E237B7896D79BC68193EF3A0A6,435723334E47400E56AAD9E883BC3314709A48D9,24.0,metre,WHOS,,,,,,,,,,,,True,-31.4912222222222,-60.7805555555556,,,Argentina,INA,Rio Parana
2166,D9D4E4CDBE36F2BAAC025732F67D2DAB79A13EBA,435723334E47400E56AAD9E883BC3314709A48D9,24.0,metre,WHOS,,,,,,,,,,,,True,-27.1008333333333,-65.6361111111111,,,Argentina,INA,
2828,3775BD4AEFB24BF4A9C8DDA7105D93C09B17D189,435723334E47400E56AAD9E883BC3314709A48D9,24.0,metre,WHOS,,,,,,,,,,,,True,-27.5413888888889,-59.1308333333333,,,Argentina,INA,Rio Parana
2205,3A2D53454064685F479B74B6C5B3EAA289DE5E00,435723334E47400E56AAD9E883BC3314709A48D9,24.0,metre,WHOS,,,,,,,,,,,,True,-31.8016666666667,-59.1261111111111,,,Argentina,INA,Rio Parana
1073,29C877DE5FBDFEED6D1A06F17C719145A7E9A29C,435723334E47400E56AAD9E883BC3314709A48D9,24.0,metre,WHOS,,,,,,,,,,,,True,-30.690307,-57.820722,,,Argentina,INA,Rio Uruguay
80,AA4B4E28366A41E880778F210F9C0378F4A41DEC,435723334E47400E56AAD9E883BC3314709A48D9,24.0,metre,WHOS,,,,,,,,,,,,True,-32.2333333333333,-58.1166666666667,,,Argentina,INA,Rio Uruguay
174,C07763C4C74E98CED30D787F3112115FCC722484,435723334E47400E56AAD9E883BC3314709A48D9,24.0,metre,WHOS,,,,,,,,,,,,True,-30.744031,-60.624247,,,Argentina,INA,Rio Parana
44,B67E46C71CCF5E78B7B9C36ABA318E30E6ED22E6,435723334E47400E56AAD9E883BC3314709A48D9,24.0,metre,WHOS,,,,,,,,,,,,True,-33.8627031166646,-58.6604197120006,,,Argentina,INA,Rio Parana
2854,418722E6CC0F105DA173D0DAE56E92BEEDABA8FB,435723334E47400E56AAD9E883BC3314709A48D9,24.0,metre,WHOS,,,,,,,,,,,,True,-27.5105555555556,-58.5697222222222,,,Argentina,INA,Rio Parana
39,B54397145A8B33AA534D90790E56565C775BB73E,435723334E47400E56AAD9E883BC3314709A48D9,24.0,metre,WHOS,,,,,,,,,,,,True,-33.8006916108445,-59.4955962110789,,,Argentina,INA,Rio Parana
20,A0B3D2485864049356783CD1DE136A84768E9284,435723334E47400E56AAD9E883BC3314709A48D9,24.0,metre,WHOS,,,,,,,,,,,,True,-27.4833333333333,-58.9333333333333,,,Argentina,INA,Rio Parana
65,670DBE1488487406B9BFA7BBC32FFE83EF34D28B,435723334E47400E56AAD9E883BC3314709A48D9,24.0,metre,WHOS,,,,,,,,,,,,True,-27.8833333333333,-55.1333333333333,,,Argentina,INA,Rio Uruguay
2175,1775DF569FDD3E425DE14769EF40516FB82CFE87,435723334E47400E56AAD9E883BC3314709A48D9,24.0,metre,WHOS,,,,,,,,,,,,True,-25.4136111111111,-63.9761111111111,,,Argentina,INA,Rio Parana
2822,E830CDB01DC1A7F36411CCE089BEFA0C9DE2B54A,435723334E47400E56AAD9E883BC3314709A48D9,24.0,metre,WHOS,,,,,,,,,,,,True,-22.65,-62.2163888888889,,,Argentina,INA,Rio Paraguay
2672,E07BC39B91A0DC81D85821D4EAD7E4D7CA664DFD,435723334E47400E56AAD9E883BC3314709A48D9,24.0,metre,WHOS,,,,,,,,,,,,True,-25.1613888888889,-64.1061111111111,,,Argentina,INA,Rio Parana
52,61E2F61769D326D7DC1544C1824AB5133EE45E76,435723334E47400E56AAD9E883BC3314709A48D9,24.0,metre,WHOS,,,,,,,,,,,,True,-34.4333333333,-58.55,,,Argentina,INA,Rio Parana
99,47660627436A20DDC7D98444A4A3C7C3E58A3DEF,435723334E47400E56AAD9E883BC3314709A48D9,24.0,metre,WHOS,,,,,,,,,,,,True,-33.0144444444444,-58.5041666666667,,,Argentina,INA,Rio Uruguay
2116,4DC0106E0D912BBE8668F3D4F98E759255A23EA2,435723334E47400E56AAD9E883BC3314709A48D9,24.0,metre,WHOS,,,,,,,,,,,,True,-26.1830555555556,-58.1619444444444,,,Argentina,INA,Rio Paraguay
2836,C50E0AB9B7559E14B3D3406C985E406EE787F1F1,435723334E47400E56AAD9E883BC3314709A48D9,24.0,metre,WHOS,,,,,,,,,,,,True,-30.2172222222222,-59.3244444444444,,,Argentina,INA,Rio Parana
53,F1B750CEC9401DD5330C861C4F1B2A471C061AF2,435723334E47400E56AAD9E883BC3314709A48D9,24.0,metre,WHOS,,,,,,,,,,,,True,-34.457166,-58.507163,,,Argentina,INA,Rio Parana
13,9061632537E0130BDE5287F99D11C567FA17C639,435723334E47400E56AAD9E883BC3314709A48D9,24.0,metre,WHOS,,,,,,,,,,,,True,-27.33509,-55.588412,,,Argentina,INA,Rio Parana
2158,A69626DE1AEC939D787EBB02F4C280C1D1541BF2,435723334E47400E56AAD9E883BC3314709A48D9,24.0,metre,WHOS,,,,,,,,,,,,True,-30.9236111111111,-59.5511111111111,,,Argentina,INA,Rio Parana
28,E90A51ED13E1C1A69D112CD6A6CB7298806DC59D,435723334E47400E56AAD9E883BC3314709A48D9,24.0,metre,WHOS,,,,,,,,,,,,True,-31.22650904,-59.99193936,,,Argentina,INA,Rio Parana
73,DDB5F3CFF1E563D0C75257A976143F69FA626E27,435723334E47400E56AAD9E883BC3314709A48D9,24.0,metre,WHOS,,,,,,,,,,,,True,-29.872652,-57.332887,,,Argentina,INA,Rio Uruguay
1743,38C526EF43B3A4D8172FE754DD8D2DC0994415EF,435723334E47400E56AAD9E883BC3314709A48D9,24.0,metre,WHOS,,,,,,,,,,,,True,-34.7383417,-58.3096056,,,Argentina,INA,Rio de la Plata
51,50C3A8E9E675E007EFFAFFCD2CE5ED60AD969AEF,435723334E47400E56AAD9E883BC3314709A48D9,24.0,metre,WHOS,,,,,,,,,,,,True,-34.2,-58.4833333333,,,Argentina,INA,Rio Parana
67,D37C942BC102184B654894014701E8C9C82E7C3D,435723334E47400E56AAD9E883BC3314709A48D9,24.0,metre,WHOS,,,,,,,,,,,,True,-28.1833333333333,-55.65,,,Argentina,INA,Rio Uruguay
5901,3B33C316B7F67D28C04C8D2E9EAC6C92BBE00C89,435723334E47400E56AAD9E883BC3314709A48D9,24.0,metre,WHOS,,,,,,,,,,,,True,-31.72,-60.5175,,,Argentina,INA,Rio Parana
56,5AB910A0EF735860C5398BF0C93A7159F9229B7E,435723334E47400E56AAD9E883BC3314709A48D9,24.0,metre,WHOS,,,,,,,,,,,,True,-25.451947,-57.568182,,,Argentina,INA,Rio Paraguay
2697,BD7D1FA21E09943917BFB7DBD7989CE2231C490C,435723334E47400E56AAD9E883BC3314709A48D9,24.0,metre,WHOS,,,,,,,,,,,,True,-34.0,-59.0,,,Argentina,INA,Rio Parana
40,74B2BA23C3119E3A6F5FEDDE2538CF0A71C9B9D1,435723334E47400E56AAD9E883BC3314709A48D9,24.0,metre,WHOS,,,,,,,,,,,,True,-34.0987818311696,-59.0108657589595,,,Argentina,INA,Rio Parana
2823,3D7750954975E37177AA1FF7D52B08B47F58AFE9,435723334E47400E56AAD9E883BC3314709A48D9,24.0,metre,WHOS,,,,,,,,,,,,True,-25.2677777777778,-65.2372222222222,,,Argentina,INA,Rio Parana
43,81042CDA1B703D918AD40A525AF17DFEED1C7113,435723334E47400E56AAD9E883BC3314709A48D9,24.0,metre,WHOS,,,,,,,,,,,,True,-33.7,-58.65,,,Argentina,INA,Rio Parana
1063,9CD72E34F30922F23250F08D6BB878E9D8B99B41,435723334E47400E56AAD9E883BC3314709A48D9,24.0,metre,WHOS,,,,,,,,,,,,True,-29.845637,-57.674446,,,Argentina,INA,Rio Uruguay
2131,A75C3AADDA20F4EC922A506A17AFB391A78D81BF,435723334E47400E56AAD9E883BC3314709A48D9,24.0,metre,WHOS,,,,,,,,,,,,True,-27.2663888888889,-58.2444444444444,,,Argentina,INA,Rio Parana
14,23137FB463C0902450418E9E2F0D38C719419AA9,435723334E47400E56AAD9E883BC3314709A48D9,24.0,metre,WHOS,,,,,,,,,,,,True,-27.3666666666667,-55.8833333333333,,,Argentina,INA,Rio Parana
1074,F7BD4E161932B8D4738AA7CBE4745DD0AF693A0B,435723334E47400E56AAD9E883BC3314709A48D9,24.0,metre,WHOS,,,,,,,,,,,,True,-30.249296,-57.622519,,,Argentina,INA,Rio Uruguay
1698,DF33D966E0CE09FA908C2C02D210FB20F98B0AF3,435723334E47400E56AAD9E883BC3314709A48D9,24.0,metre,WHOS,,,,,,,,,,,,True,-34.356202,-58.633833,,,Argentina,INA,Rio Parana
2204,5D854AE37106BA5DF79EB9CD311C6D004FB7F789,435723334E47400E56AAD9E883BC3314709A48D9,24.0,metre,WHOS,,,,,,,,,,,,True,-32.6733333333333,-60.8658333333333,,,Argentina,INA,Rio Parana
47,E60DE9451F775E0593AA2C8EE3BEF65434956F71,435723334E47400E56AAD9E883BC3314709A48D9,24.0,metre,WHOS,,,,,,,,,,,,True,-34.1902896924007,-58.2530455191105,,,Argentina,INA,Rio de la Plata
2139,C2D9B73C0A8900AD46B614972C06CBACCEB3F0E2,435723334E47400E56AAD9E883BC3314709A48D9,24.0,metre,WHOS,,,,,,,,,,,,True,-31.9741666666667,-60.9138888888889,,,Argentina,INA,Rio Parana
26,6135FA1CACE01BAE943407C79AE22C01C3E15FE5,435723334E47400E56AAD9E883BC3314709A48D9,24.0,metre,WHOS,,,,,,,,,,,,True,-30.73419972,-59.6381167,,,Argentina,INA,Rio Parana
57,588230A4E9F7E8B48E57262B53FC4BBE511DB6D6,435723334E47400E56AAD9E883BC3314709A48D9,24.0,metre,WHOS,,,,,,,,,,,,True,-26.1833333333333,-58.1833333333333,,,Argentina,INA,Rio Paraguay
17,DD7287DE57DFAD2B69C2D99C2B72BDA7450E952C,435723334E47400E56AAD9E883BC3314709A48D9,24.0,metre,WHOS,,,,,,,,,,,,True,-27.26677773,-58.24407387,,,Argentina,INA,Rio Parana
2188,45355E7831EFFB569CCF606A8FD84B353C8F69B3,435723334E47400E56AAD9E883BC3314709A48D9,24.0,metre,WHOS,,,,,,,,,,,,True,-26.3341666666667,-59.3625,,,Argentina,INA,Rio Paraguay
1076,FB601EE3C6DB51CEA85F7AD7FCD21C13540CC2B8,435723334E47400E56AAD9E883BC3314709A48D9,24.0,metre,WHOS,,,,,,,,,,,,True,-31.231098,-57.097101,,,Uruguay,INA,Rio Uruguay
1036,9340F62F379CD9C50E02AE8963B517DF5476B506,435723334E47400E56AAD9E883BC3314709A48D9,24.0,metre,WHOS,,,,,,,,,,,,True,-28.545073,-56.028995,,,Argentina,INA,Rio Uruguay
23,B0BC8F82B4D8286A937AA5B3E07D7B4C3C0C496F,435723334E47400E56AAD9E883BC3314709A48D9,24.0,metre,WHOS,,,,,,,,,,,,True,-29.14376844,-59.27303952,,,Argentina,INA,Rio Parana
2177,03F9352C2D13DEA4C00B56E9B6865B60708A70F6,435723334E47400E56AAD9E883BC3314709A48D9,24.0,metre,WHOS,,,,,,,,,,,,True,-25.3452777777778,-64.045,,,Argentina,INA,Rio Parana
59,56CCCA1063FBAD68EA57CE20C26BBE055B7D9685,435723334E47400E56AAD9E883BC3314709A48D9,24.0,metre,WHOS,,,,,,,,,,,,True,-27.3166666666667,-58.6166666666667,,,Argentina,INA,Rio Parana
37,62F1E6097F9C921CE05EA42C052E7B9070D3ED3F,435723334E47400E56AAD9E883BC3314709A48D9,24.0,metre,WHOS,,,,,,,,,,,,True,-33.4780656197056,-59.9957013181522,,,Argentina,INA,Rio Parana
2111,E3E407E246F230780DA57994F30CFC5C5772D57E,435723334E47400E56AAD9E883BC3314709A48D9,24.0,metre,WHOS,,,,,,,,,,,,True,-35.0880555555556,-60.1088888888889,,,Argentina,INA,Rio de la Plata
1680,297CE92AE21FDD1C47F44F08A410FA9F55DE6B81,435723334E47400E56AAD9E883BC3314709A48D9,24.0,metre,WHOS,,,,,,,,,,,,True,-31.254531,-60.887765,,,Argentina,INA,Rio Parana
66,1D1A4A88A38A87144856D91B7485BEDA052F3785,435723334E47400E56AAD9E883BC3314709A48D9,24.0,metre,WHOS,,,,,,,,,,,,True,-28.119193,-55.581369,,,Argentina,INA,Rio Uruguay
2227,3C1128BBD0966914DDF7D14B989C1838DFBE8219,435723334E47400E56AAD9E883BC3314709A48D9,24.0,metre,WHOS,,,,,,,,,,,,True,-35.9622222222222,-57.8519444444444,,,Argentina,INA,Rio de la Plata
55,B76F89BC3A30F644310F1CC4C611C7EA6047DA7A,435723334E47400E56AAD9E883BC3314709A48D9,24.0,metre,WHOS,,,,,,,,,,,,True,-25.3666666666667,-57.65,,,Argentina,INA,Rio Paraguay
1038,D144E7C427EDC3B96B90FB792EA5AB808BD7DA83,435723334E47400E56AAD9E883BC3314709A48D9,24.0,metre,WHOS,,,,,,,,,,,,True,-27.298582,-54.193437,,,Argentina,INA,Rio Uruguay
24,E13F5E190058E802BFDB76A1D5A01D078949D9F7,435723334E47400E56AAD9E883BC3314709A48D9,24.0,metre,WHOS,,,,,,,,,,,,True,-29.23756092,-59.58115833,,,Argentina,INA,Rio Parana
63,33C685BA3FF20E0870CA03E8ECFA310150C64722,435723334E47400E56AAD9E883BC3314709A48D9,24.0,metre,WHOS,,,,,,,,,,,,True,-27.572,-54.678494,,,Argentina,INA,Rio Uruguay
2835,7256B8E825282039E6424949ECDE49C82C26217A,435723334E47400E56AAD9E883BC3314709A48D9,24.0,metre,WHOS,,,,,,,,,,,,True,-32.4219444444444,-63.2447222222222,,,Argentina,INA,Rio Parana
2853,723800F9C98A6DFD18386B4C0A31684D6E024806,435723334E47400E56AAD9E883BC3314709A48D9,24.0,metre,WHOS,,,,,,,,,,,,True,-33.1005555555556,-59.2702777777778,,,Argentina,INA,Rio Parana
22,F4534D9D46150B5FD12676DC99ED05E12787680C,435723334E47400E56AAD9E883BC3314709A48D9,24.0,metre,WHOS,,,,,,,,,,,,True,-28.51840072,-59.05931723,,,Argentina,INA,Rio Parana
38,7FE2C8C2F189385DC638AFB4B76D3A2B8092490E,435723334E47400E56AAD9E883BC3314709A48D9,24.0,metre,WHOS,,,,,,,,,,,,True,-33.6745267329027,-59.6497183332918,,,Argentina,INA,Rio Parana
2133,3897A8BD90DD1953323701E14AD242497D5597E7,435723334E47400E56AAD9E883BC3314709A48D9,24.0,metre,WHOS,,,,,,,,,,,,True,-25.3719444444444,-57.6502777777778,,,Argentina,INA,Rio Paraguay
2117,4EA51419CD3F9F7DE1446EFA4A79B8F5D30DBDEE,435723334E47400E56AAD9E883BC3314709A48D9,24.0,metre,WHOS,,,,,,,,,,,,True,-34.2861111111111,-60.2591666666667,,,Argentina,INA,Rio Parana
8,CFD04512F2051C00F5CFD00C4DE766399684B033,435723334E47400E56AAD9E883BC3314709A48D9,24.0,metre,WHOS,,,,,,,,,,,,True,-25.5833333333333,-53.9833333333333,,,Argentina,INA,Rio Parana
2825,FF887BE101D32A1867ABF36C377A66F6364C2758,435723334E47400E56AAD9E883BC3314709A48D9,24.0,metre,WHOS,,,,,,,,,,,,True,-28.9877777777778,-59.0905555555556,,,Argentina,INA,Rio Parana
2731,887C5F434C4549EBAAADF81DFFAC5354BC221F7F,435723334E47400E56AAD9E883BC3314709A48D9,24.0,metre,WHOS,,,,,,,,,,,,True,-28.4166666666667,-56.5422222222222,,,Argentina,INA,Rio Uruguay
2213,69F5870DCFF019388E596E27C5D4B78A3806C86A,435723334E47400E56AAD9E883BC3314709A48D9,24.0,metre,WHOS,,,,,,,,,,,,True,-34.2580555555556,-61.6386111111111,,,Argentina,INA,Rio de la Plata
1026,349ED0393FCEE4A946F2DDDCB14D2CB5FE6ED64D,435723334E47400E56AAD9E883BC3314709A48D9,24.0,metre,WHOS,,,,,,,,,,,,True,-30.638,-56.326,,,Uruguay,INA,Rio Uruguay
2230,D0348741D3321CB9B845284C94744FDB587F2BED,435723334E47400E56AAD9E883BC3314709A48D9,24.0,metre,WHOS,,,,,,,,,,,,True,-34.8074531496048,-58.2301426802177,,,Argentina,INA,Rio de la Plata
5876,44A3C23C8AE11F04FD09220CCDEC47D71A9FE3AA,435723334E47400E56AAD9E883BC3314709A48D9,24.0,metre,WHOS,,,,,,,,,,,,True,-34.05977,-58.835841,,,Argentina,INA,Rio Parana
1052,86EA748613FB6A8C49093F5194CEB3D6E1DE9331,435723334E47400E56AAD9E883BC3314709A48D9,24.0,metre,WHOS,,,,,,,,,,,,True,-30.9499,-57.4559,,,Uruguay,INA,Rio Uruguay
2201,E256BD0E0A4A87A938BCC45DC3506DEB5B9FB51D,435723334E47400E56AAD9E883BC3314709A48D9,24.0,metre,WHOS,,,,,,,,,,,,True,-27.2572222222222,-54.2355555555556,,,Argentina,INA,Rio Uruguay
2211,BE352F3F758F1A8FA5C5A95ECC990530CD33BA52,435723334E47400E56AAD9E883BC3314709A48D9,24.0,metre,WHOS,,,,,,,,,,,,True,-34.3225,-61.3513888888889,,,Argentina,INA,Rio de la Plata
2187,8E5F25656CACFF7ED0225188B02504897AA3E9F5,435723334E47400E56AAD9E883BC3314709A48D9,24.0,metre,WHOS,,,,,,,,,,,,True,-22.3266666666667,-64.1263888888889,,,Argentina,INA,Rio Paraguay
2810,CDCE2198CF88A8C8E9B4A5B8F95EC5EE544FABF6,435723334E47400E56AAD9E883BC3314709A48D9,24.0,metre,WHOS,,,,,,,,,,,,True,-25.3441666666667,-64.0461111111111,,,Argentina,INA,Rio Parana
2671,7A9208DE3EF51986282586F27F28371C84BEFCBA,435723334E47400E56AAD9E883BC3314709A48D9,24.0,metre,WHOS,,,,,,,,,,,,True,-25.1608333333333,-64.1061111111111,,,Argentina,INA,Rio Parana
1739,2E1A858448305EA7E0F0E39E837B87D451D37033,435723334E47400E56AAD9E883BC3314709A48D9,24.0,metre,WHOS,,,,,,,,,,,,True,-35.015278,-57.536111,,,Argentina,INA,Rio de la Plata
2197,6A14D29B88DA7171E1AD9CCA0AC9ADFFBB946F12,435723334E47400E56AAD9E883BC3314709A48D9,24.0,metre,WHOS,,,,,,,,,,,,True,-29.1058333333333,-62.5761111111111,,,Argentina,INA,Rio Parana
2838,FC4C64C822CA62B60937F2FC3B5A411593BB4CEF,435723334E47400E56AAD9E883BC3314709A48D9,24.0,metre,WHOS,,,,,,,,,,,,True,-35.4594444444445,-59.5747222222222,,,Argentina,INA,Rio de la Plata
16,528AED04838C36114A1AAFF97226D7435873DEAC,435723334E47400E56AAD9E883BC3314709A48D9,24.0,metre,WHOS,,,,,,,,,,,,True,-27.42336098,-57.33326783,,,Argentina,INA,Rio Parana
2115,14359AA7A62DC298833FAECE600577B7800B0515,435723334E47400E56AAD9E883BC3314709A48D9,24.0,metre,WHOS,,,,,,,,,,,,True,-27.4597222222222,-58.8333333333333,,,Argentina,INA,Rio Parana
29,D35B4E539A4840513F23C64F15BE89333B7488D7,435723334E47400E56AAD9E883BC3314709A48D9,24.0,metre,WHOS,,,,,,,,,,,,True,-31.7182378629681,-60.5225697750899,,,Argentina,INA,Rio Parana
2194,551D203581028C0BA5CFEB070A5BDE1CDC806057,435723334E47400E56AAD9E883BC3314709A48D9,24.0,metre,WHOS,,,,,,,,,,,,True,-26.6605555555556,-58.6338888888889,,,Argentina,INA,Rio Paraguay
1022,D1176FD88C92DD9E113EEFB45D94CB7EA64695F1,435723334E47400E56AAD9E883BC3314709A48D9,24.0,metre,WHOS,,,,,,,,,,,,True,-30.992189,-57.913847,,,Argentina,INA,Rio Uruguay
2203,DFD96AC4A30EE51D31BF09A6F7EECC9C269556E1,435723334E47400E56AAD9E883BC3314709A48D9,24.0,metre,WHOS,,,,,,,,,,,,True,-32.3086111111111,-59.0769444444445,,,Argentina,INA,Rio Parana
36,571C8A97E1C39724CF73722D8E57FD01D1F74995,435723334E47400E56AAD9E883BC3314709A48D9,24.0,metre,WHOS,,,,,,,,,,,,True,-33.3420008188866,-60.1895279977149,,,Argentina,INA,Rio Parana
2826,F870EAECEA07CF8CFD79BAFDC67A124061CBD355,435723334E47400E56AAD9E883BC3314709A48D9,24.0,metre,WHOS,,,,,,,,,,,,True,-22.7280555555556,-62.2133333333333,,,Argentina,INA,Rio Paraguay
2202,8F735CDB20410B51C73A5CFF8BC698B2AFB51BB5,435723334E47400E56AAD9E883BC3314709A48D9,24.0,metre,WHOS,,,,,,,,,,,,True,-33.1386111111111,-64.2847222222222,,,Argentina,INA,Rio Parana
31,5C8EF67B0462BAA6A87709286124205B0BEF419B,435723334E47400E56AAD9E883BC3314709A48D9,24.0,metre,WHOS,,,,,,,,,,,,True,-32.0715615377843,-60.6432219715378,,,Argentina,INA,Rio Parana
1257,55D02AE875C0BA416E3D013CE50C57E29308077B,435723334E47400E56AAD9E883BC3314709A48D9,24.0,metre,WHOS,,,,,,,,,,,,True,-34.0752137139779,-58.4426647718186,,,Argentina,INA,Rio Parana
1050,E927C31135E8F2786DD4CF2B8FBAF08800859BE2,435723334E47400E56AAD9E883BC3314709A48D9,24.0,metre,WHOS,,,,,,,,,,,,True,-30.9982,-57.485838,,,Uruguay,INA,Rio Uruguay
76,74F7D8A3F6803DA40599EFD3EE853273E011C88B,435723334E47400E56AAD9E883BC3314709A48D9,24.0,metre,WHOS,,,,,,,,,,,,True,-30.993221,-57.914682,,,Argentina,INA,Rio Uruguay
1708,8D151FF5981EC153B53B321BC109528A006F5E42,435723334E47400E56AAD9E883BC3314709A48D9,24.0,metre,WHOS,,,,,,,,,,,,True,-34.8339004516602,-57.8800010681152,,,Argentina,INA,Rio de la Plata
35,3B7EE6EF1F824F3574652A572CCA60B09CDBF08B,435723334E47400E56AAD9E883BC3314709A48D9,24.0,metre,WHOS,,,,,,,,,,,,True,-33.2354221667103,-60.3091044341421,,,Argentina,INA,Rio Parana
2121,7FF6734736AEBA88B63C2737D4A08E4E1CD5FCA2,435723334E47400E56AAD9E883BC3314709A48D9,24.0,metre,WHOS,,,,,,,,,,,,True,-32.3922222222222,-60.9408333333333,,,Argentina,INA,Rio Parana
2154,6AB0AC17BC81A8DFE28772DA972FEFFC97F8F665,435723334E47400E56AAD9E883BC3314709A48D9,24.0,metre,WHOS,,,,,,,,,,,,True,-23.1405555555556,-64.1969444444445,,,Argentina,INA,Rio Paraguay
86,A573FA90F24A367B715477B925985B3927756959,435723334E47400E56AAD9E883BC3314709A48D9,24.0,metre,WHOS,,,,,,,,,,,,True,-34.824196,-57.873546,,,Argentina,INA,Rio de la Plata
2837,EE501858AB1546DAAD368E1FD7640997F5C7C1F4,435723334E47400E56AAD9E883BC3314709A48D9,24.0,metre,WHOS,,,,,,,,,,,,True,-32.3947222222222,-59.7638888888889,,,Argentina,INA,Rio Parana
19,F426CC5C7D4A1563EE3B41E4F50FB4DE8568D3F2,435723334E47400E56AAD9E883BC3314709A48D9,24.0,metre,WHOS,,,,,,,,,,,,True,-27.46364349,-58.8388696,,,Argentina,INA,Rio Parana
2128,329BB00817E03FB6C1E86BF7625BA824692C9A95,435723334E47400E56AAD9E883BC3314709A48D9,24.0,metre,WHOS,,,,,,,,,,,,True,-34.5894444444444,-59.1783333333333,,,Argentina,INA,Rio Parana
2813,71F146A2306E3B6E2529C7DB75D6F46377FE46AF,435723334E47400E56AAD9E883BC3314709A48D9,24.0,metre,WHOS,,,,,,,,,,,,True,-28.9166666666667,-57.2363888888889,,,Argentina,INA,Rio Uruguay
2821,AECB0E2479AF8CD23BE468CCB92394639D412844,435723334E47400E56AAD9E883BC3314709A48D9,24.0,metre,WHOS,,,,,,,,,,,,True,-35.0880555555556,-60.1088888888889,,,Argentina,INA,Rio de la Plata
1077,36A83EF24590DE603C45A2F092A6B18F7709AA61,435723334E47400E56AAD9E883BC3314709A48D9,24.0,metre,WHOS,,,,,,,,,,,,True,-30.626772,-57.982836,,,Argentina,INA,Rio Uruguay
1020,1B4C1FCFC09654F9FFDB6243B95EA6B9EDDFDF29,435723334E47400E56AAD9E883BC3314709A48D9,24.0,metre,WHOS,,,,,,,,,,,,True,-30.289,-57.291694,,,Uruguay,INA,Rio Uruguay
2127,DD0E9CE3C74DE00DCBAB8A403A530A966C6AC839,435723334E47400E56AAD9E883BC3314709A48D9,24.0,metre,WHOS,,,,,,,,,,,,True,-36.2911111111111,-66.8291666666667,,,Argentina,INA,
2112,499D3F763C3364F2CFB8C9EAF8A2C6FA9B9CC302,435723334E47400E56AAD9E883BC3314709A48D9,24.0,metre,WHOS,,,,,,,,,,,,True,-32.7680555555556,-58.4983333333333,,,Argentina,INA,Rio Uruguay
2207,32BD5DF53F6D1CCBE55E6AAD09A6E773519F89F9,435723334E47400E56AAD9E883BC3314709A48D9,24.0,metre,WHOS,,,,,,,,,,,,True,-36.8311111111111,-59.8938888888889,,,Argentina,INA,Rio de la Plata
21,D7BF310BFDE2F3E70A058C5A755C0CE0B4FD47EA,435723334E47400E56AAD9E883BC3314709A48D9,24.0,metre,WHOS,,,,,,,,,,,,True,-27.95412346,-58.81852419,,,Argentina,INA,Rio Parana
1018,7A22E9F0A9E9E9BC80A264725AB9FD55E0DFA8E2,435723334E47400E56AAD9E883BC3314709A48D9,24.0,metre,WHOS,,,,,,,,,,,,True,-31.272706,-57.916594,,,Uruguay,INA,Rio Uruguay
1072,96593E9EDDF3A37BC2F792652CAC39D17BE4482F,435723334E47400E56AAD9E883BC3314709A48D9,24.0,metre,WHOS,,,,,,,,,,,,True,-30.392535,-56.456119,,,Uruguay,INA,Rio Uruguay
70,31D82205915ED54E7C179E2192C03D40C627B1EB,435723334E47400E56AAD9E883BC3314709A48D9,24.0,metre,WHOS,,,,,,,,,,,,True,-29.18062,-56.633977,,,Argentina,INA,Rio Uruguay
30,3D6199412BFA3DFEAB30DD9E0E4C7EEFEB6DECE1,435723334E47400E56AAD9E883BC3314709A48D9,24.0,metre,WHOS,,,,,,,,,,,,True,-31.6514772196376,-60.7002319185745,,,Argentina,INA,Rio Parana
1679,FA4051D6F6F793B470F7A10A8EE532B8F65E5BC2,435723334E47400E56AAD9E883BC3314709A48D9,24.0,metre,WHOS,,,,,,,,,,,,True,-31.667601,-60.752233,,,Argentina,INA,Rio Parana
1744,B40519A9023B55D6AC2BB85C2E011A4A104E9C5B,435723334E47400E56AAD9E883BC3314709A48D9,24.0,metre,WHOS,,,,,,,,,,,,True,-34.7277556,-58.3200389,,,Argentina,INA,Rio de la Plata
1037,71227700C171EA106BD1E29BDF29E908F5C171B2,435723334E47400E56AAD9E883BC3314709A48D9,24.0,metre,WHOS,,,,,,,,,,,,True,-27.869343,-55.129216,,,Argentina,INA,Rio Uruguay
33,200AAA2D2D841E7DFDC95E1934F65AE569A4B37C,435723334E47400E56AAD9E883BC3314709A48D9,24.0,metre,WHOS,,,,,,,,,,,,True,-32.7336256031375,-60.7256705696322,,,Argentina,INA,Rio Parana
2830,C5476BEEAF68B61F5993CEB70A84B92C995E8A63,435723334E47400E56AAD9E883BC3314709A48D9,24.0,metre,WHOS,,,,,,,,,,,,True,-33.8830555555556,-58.9,,,Argentina,INA,Rio Parana
74,0DF4C4284AA14E0A545C0F855B4F6FF558693CEE,435723334E47400E56AAD9E883BC3314709A48D9,24.0,metre,WHOS,,,,,,,,,,,,True,-30.25,-57.6333333333333,,,Argentina,INA,Rio Uruguay
54,0631B7B04F01E90D4B4EBCC982CCDF085789D708,435723334E47400E56AAD9E883BC3314709A48D9,24.0,metre,WHOS,,,,,,,,,,,,True,-34.506666,-58.475863,,,Argentina,INA,Rio Parana
78,ACDBC2528E4886B90A5EE42C12B561ADAD76C29C,435723334E47400E56AAD9E883BC3314709A48D9,24.0,metre,WHOS,,,,,,,,,,,,True,-31.27547,-57.936945,,,Argentina,INA,Rio Uruguay
2235,CBA5E79006459DCCE52B6907CF726269E5786DA4,C83AE7E059AF1DB0D94C4036CADEA3B613204DE7,1.0,metre,WHOS,,,,,,,,,,,,True,-33.112132,-58.314443,,,Uruguay,INA,Rio Uruguay
2232,AADB2713EA5EF043B57654215AD82D89A22B76D3,C83AE7E059AF1DB0D94C4036CADEA3B613204DE7,1.0,metre,WHOS,,,,,,,,,,,,True,-32.313646,-58.102575,,,Uruguay,INA,Rio Uruguay
52,61E2F61769D326D7DC1544C1824AB5133EE45E76,C83AE7E059AF1DB0D94C4036CADEA3B613204DE7,1.0,metre,WHOS,,,,,,,,,,,,True,-34.4333333333,-58.55,,,Argentina,INA,Rio Parana
1016,D12DF1D6F6C51AD39BD2AEAF9EFF1576C6221957,C83AE7E059AF1DB0D94C4036CADEA3B613204DE7,1.0,metre,WHOS,,,,,,,,,,,,True,-31.404212,-58.002561,,,Argentina,INA,Rio Uruguay
1701,88FF4DFA61B0D598BAEBCABB95C9BEC1518F74D4,C83AE7E059AF1DB0D94C4036CADEA3B613204DE7,1.0,metre,WHOS,,,,,,,,,,,,True,-33.0666666666667,-58.4166666666667,,,Argentina,INA,Rio Uruguay
2233,FA67345324ED1DBBDC6511CC8AE417B29036652E,C83AE7E059AF1DB0D94C4036CADEA3B613204DE7,1.0,metre,WHOS,,,,,,,,,,,,True,-32.477173,-58.221219,,,Uruguay,INA,Rio Uruguay
14,23137FB463C0902450418E9E2F0D38C719419AA9,FA25FBBAD411D74E98BB9B663FA849BF03D0CEDE,744.0,metre,WHOS,,,,,,,,,,,,True,-27.3666666666667,-55.8833333333333,,,Argentina,INA,Rio Parana
46,CC557B9AF21B77CE8B66E033E1BC3ECAE6ED8D63,FA25FBBAD411D74E98BB9B663FA849BF03D0CEDE,744.0,metre,WHOS,,,,,,,,,,,,True,-33.2166666667,-59.3666666667,,,Argentina,INA,Rio Parana
79,FB7404060DA544222C32F7A19374FB217127E928,FA25FBBAD411D74E98BB9B663FA849BF03D0CEDE,744.0,metre,WHOS,,,,,,,,,,,,True,-31.4,-58.0166666666667,,,Argentina,INA,Rio Uruguay
26,6135FA1CACE01BAE943407C79AE22C01C3E15FE5,FA25FBBAD411D74E98BB9B663FA849BF03D0CEDE,744.0,metre,WHOS,,,,,,,,,,,,True,-30.73419972,-59.6381167,,,Argentina,INA,Rio Parana
23,B0BC8F82B4D8286A937AA5B3E07D7B4C3C0C496F,FA25FBBAD411D74E98BB9B663FA849BF03D0CEDE,744.0,metre,WHOS,,,,,,,,,,,,True,-29.14376844,-59.27303952,,,Argentina,INA,Rio Parana
84,A7DE26B8D2992A659371E9CA6AD3D9A2DA5F807C,FA25FBBAD411D74E98BB9B663FA849BF03D0CEDE,744.0,metre,WHOS,,,,,,,,,,,,True,-33.0666666666667,-58.4166666666667,,,Argentina,INA,Rio Uruguay
50,5DDC0B85A43A41AFA6919D06B82FA10863F503D0,FA25FBBAD411D74E98BB9B663FA849BF03D0CEDE,744.0,metre,WHOS,,,,,,,,,,,,True,-34.351576,-58.686115,,,Argentina,INA,Rio Parana
68,C2C298DAC1EBB179763E064D213E671B4B199F42,FA25FBBAD411D74E98BB9B663FA849BF03D0CEDE,744.0,metre,WHOS,,,,,,,,,,,,True,-28.55,-56.0333333333333,,,Argentina,INA,Rio Uruguay
61,7040838B6BB402DAAA03931F9AEC8113C897D73A,FA25FBBAD411D74E98BB9B663FA849BF03D0CEDE,744.0,metre,WHOS,,,,,,,,,,,,True,-27.3,-54.2,,,Argentina,INA,Rio Uruguay
65,670DBE1488487406B9BFA7BBC32FFE83EF34D28B,FA25FBBAD411D74E98BB9B663FA849BF03D0CEDE,744.0,metre,WHOS,,,,,,,,,,,,True,-27.8833333333333,-55.1333333333333,,,Argentina,INA,Rio Uruguay
10,3437B9EF80504B6A2526BF065B78AB9DAE4BD857,FA25FBBAD411D74E98BB9B663FA849BF03D0CEDE,744.0,metre,WHOS,,,,,,,,,,,,True,-25.916679,-54.621134,,,Argentina,INA,Rio Parana
24,E13F5E190058E802BFDB76A1D5A01D078949D9F7,FA25FBBAD411D74E98BB9B663FA849BF03D0CEDE,744.0,metre,WHOS,,,,,,,,,,,,True,-29.23756092,-59.58115833,,,Argentina,INA,Rio Parana
58,F26B1575DF7CEEE1C4A22D52BA4B9BD4E4697846,FA25FBBAD411D74E98BB9B663FA849BF03D0CEDE,744.0,metre,WHOS,,,,,,,,,,,,True,-26.92629,-58.506205,,,Argentina,INA,Rio Paraguay
40,74B2BA23C3119E3A6F5FEDDE2538CF0A71C9B9D1,FA25FBBAD411D74E98BB9B663FA849BF03D0CEDE,744.0,metre,WHOS,,,,,,,,,,,,True,-34.0987818311696,-59.0108657589595,,,Argentina,INA,Rio Parana
35,3B7EE6EF1F824F3574652A572CCA60B09CDBF08B,FA25FBBAD411D74E98BB9B663FA849BF03D0CEDE,744.0,metre,WHOS,,,,,,,,,,,,True,-33.2354221667103,-60.3091044341421,,,Argentina,INA,Rio Parana
63,33C685BA3FF20E0870CA03E8ECFA310150C64722,FA25FBBAD411D74E98BB9B663FA849BF03D0CEDE,744.0,metre,WHOS,,,,,,,,,,,,True,-27.572,-54.678494,,,Argentina,INA,Rio Uruguay
78,ACDBC2528E4886B90A5EE42C12B561ADAD76C29C,FA25FBBAD411D74E98BB9B663FA849BF03D0CEDE,744.0,metre,WHOS,,,,,,,,,,,,True,-31.27547,-57.936945,,,Argentina,INA,Rio Uruguay
19,F426CC5C7D4A1563EE3B41E4F50FB4DE8568D3F2,FA25FBBAD411D74E98BB9B663FA849BF03D0CEDE,744.0,metre,WHOS,,,,,,,,,,,,True,-27.46364349,-58.8388696,,,Argentina,INA,Rio Parana
9,D72E4C7C36119D3899C5C78BD12ACD8D81B842FC,FA25FBBAD411D74E98BB9B663FA849BF03D0CEDE,744.0,metre,WHOS,,,,,,,,,,,,True,-25.5833333333333,-54.5666666666667,,,Argentina,INA,Rio Parana
86,A573FA90F24A367B715477B925985B3927756959,FA25FBBAD411D74E98BB9B663FA849BF03D0CEDE,744.0,metre,WHOS,,,,,,,,,,,,True,-34.824196,-57.873546,,,Argentina,INA,Rio de la Plata
76,74F7D8A3F6803DA40599EFD3EE853273E011C88B,FA25FBBAD411D74E98BB9B663FA849BF03D0CEDE,744.0,metre,WHOS,,,,,,,,,,,,True,-30.993221,-57.914682,,,Argentina,INA,Rio Uruguay
56,5AB910A0EF735860C5398BF0C93A7159F9229B7E,FA25FBBAD411D74E98BB9B663FA849BF03D0CEDE,744.0,metre,WHOS,,,,,,,,,,,,True,-25.451947,-57.568182,,,Argentina,INA,Rio Paraguay
32,F7B576003D884D72C79ED4D9417E4119A53E69F2,FA25FBBAD411D74E98BB9B663FA849BF03D0CEDE,744.0,metre,WHOS,,,,,,,,,,,,True,-32.6558456373673,-60.2195849446607,,,Argentina,INA,Rio Parana
51,50C3A8E9E675E007EFFAFFCD2CE5ED60AD969AEF,FA25FBBAD411D74E98BB9B663FA849BF03D0CEDE,744.0,metre,WHOS,,,,,,,,,,,,True,-34.2,-58.4833333333,,,Argentina,INA,Rio Parana
55,B76F89BC3A30F644310F1CC4C611C7EA6047DA7A,FA25FBBAD411D74E98BB9B663FA849BF03D0CEDE,744.0,metre,WHOS,,,,,,,,,,,,True,-25.3666666666667,-57.65,,,Argentina,INA,Rio Paraguay
80,AA4B4E28366A41E880778F210F9C0378F4A41DEC,FA25FBBAD411D74E98BB9B663FA849BF03D0CEDE,744.0,metre,WHOS,,,,,,,,,,,,True,-32.2333333333333,-58.1166666666667,,,Argentina,INA,Rio Uruguay
49,7200896402CF2439132DE71EFE741CE1F0114A5D,FA25FBBAD411D74E98BB9B663FA849BF03D0CEDE,744.0,metre,WHOS,,,,,,,,,,,,True,-34.4159316389634,-58.5779747237367,,,Argentina,INA,Rio Parana
21,D7BF310BFDE2F3E70A058C5A755C0CE0B4FD47EA,FA25FBBAD411D74E98BB9B663FA849BF03D0CEDE,744.0,metre,WHOS,,,,,,,,,,,,True,-27.95412346,-58.81852419,,,Argentina,INA,Rio Parana
8,CFD04512F2051C00F5CFD00C4DE766399684B033,FA25FBBAD411D74E98BB9B663FA849BF03D0CEDE,744.0,metre,WHOS,,,,,,,,,,,,True,-25.5833333333333,-53.9833333333333,,,Argentina,INA,Rio Parana
45,DCAB4795CA8DFA181EB7BBB237CAA7959A2A5C08,FA25FBBAD411D74E98BB9B663FA849BF03D0CEDE,744.0,metre,WHOS,,,,,,,,,,,,True,-33.7619777376355,-59.1800594404244,,,Argentina,INA,Rio Parana
53,F1B750CEC9401DD5330C861C4F1B2A471C061AF2,FA25FBBAD411D74E98BB9B663FA849BF03D0CEDE,744.0,metre,WHOS,,,,,,,,,,,,True,-34.457166,-58.507163,,,Argentina,INA,Rio Parana
17,DD7287DE57DFAD2B69C2D99C2B72BDA7450E952C,FA25FBBAD411D74E98BB9B663FA849BF03D0CEDE,744.0,metre,WHOS,,,,,,,,,,,,True,-27.26677773,-58.24407387,,,Argentina,INA,Rio Parana
39,B54397145A8B33AA534D90790E56565C775BB73E,FA25FBBAD411D74E98BB9B663FA849BF03D0CEDE,744.0,metre,WHOS,,,,,,,,,,,,True,-33.8006916108445,-59.4955962110789,,,Argentina,INA,Rio Parana
81,2BCE48EE8CEBADAA5C3D6997132A775D1713A66D,FA25FBBAD411D74E98BB9B663FA849BF03D0CEDE,744.0,metre,WHOS,,,,,,,,,,,,True,-32.4833333333333,-58.2333333333333,,,Argentina,INA,Rio Uruguay
37,62F1E6097F9C921CE05EA42C052E7B9070D3ED3F,FA25FBBAD411D74E98BB9B663FA849BF03D0CEDE,744.0,metre,WHOS,,,,,,,,,,,,True,-33.4780656197056,-59.9957013181522,,,Argentina,INA,Rio Parana
25,6A24F7B4BBFA5FDC3455795F38CE850F9F63D0E1,FA25FBBAD411D74E98BB9B663FA849BF03D0CEDE,744.0,metre,WHOS,,,,,,,,,,,,True,-30.01924089,-59.53663483,,,Argentina,INA,Rio Parana
13,9061632537E0130BDE5287F99D11C567FA17C639,FA25FBBAD411D74E98BB9B663FA849BF03D0CEDE,744.0,metre,WHOS,,,,,,,,,,,,True,-27.33509,-55.588412,,,Argentina,INA,Rio Parana
31,5C8EF67B0462BAA6A87709286124205B0BEF419B,FA25FBBAD411D74E98BB9B663FA849BF03D0CEDE,744.0,metre,WHOS,,,,,,,,,,,,True,-32.0715615377843,-60.6432219715378,,,Argentina,INA,Rio Parana
15,82D073A24311EEE66681ED4BBA42BB75FA9F978F,FA25FBBAD411D74E98BB9B663FA849BF03D0CEDE,744.0,metre,WHOS,,,,,,,,,,,,True,-27.5833333333333,-56.7,,,Argentina,INA,Rio Parana
34,CCA40036EDCA13FB4BCBE1305FC3EF866E8CF015,FA25FBBAD411D74E98BB9B663FA849BF03D0CEDE,744.0,metre,WHOS,,,,,,,,,,,,True,-32.9432699442268,-60.6308206029857,,,Argentina,INA,Rio Parana
20,A0B3D2485864049356783CD1DE136A84768E9284,FA25FBBAD411D74E98BB9B663FA849BF03D0CEDE,744.0,metre,WHOS,,,,,,,,,,,,True,-27.4833333333333,-58.9333333333333,,,Argentina,INA,Rio Parana
33,200AAA2D2D841E7DFDC95E1934F65AE569A4B37C,FA25FBBAD411D74E98BB9B663FA849BF03D0CEDE,744.0,metre,WHOS,,,,,,,,,,,,True,-32.7336256031375,-60.7256705696322,,,Argentina,INA,Rio Parana
69,FD659B06C6075E54A63CEFD27E89BB991DAA1932,FA25FBBAD411D74E98BB9B663FA849BF03D0CEDE,744.0,metre,WHOS,,,,,,,,,,,,True,-29.1,-56.55,,,Argentina,INA,Rio Uruguay
12,CA007BE7629501EE123B186060EA1A5306C07E2B,FA25FBBAD411D74E98BB9B663FA849BF03D0CEDE,744.0,metre,WHOS,,,,,,,,,,,,True,-26.8,-55.0333333333333,,,Argentina,INA,Rio Parana
99,47660627436A20DDC7D98444A4A3C7C3E58A3DEF,FA25FBBAD411D74E98BB9B663FA849BF03D0CEDE,744.0,metre,WHOS,,,,,,,,,,,,True,-33.0144444444444,-58.5041666666667,,,Argentina,INA,Rio Uruguay
47,E60DE9451F775E0593AA2C8EE3BEF65434956F71,FA25FBBAD411D74E98BB9B663FA849BF03D0CEDE,744.0,metre,WHOS,,,,,,,,,,,,True,-34.1902896924007,-58.2530455191105,,,Argentina,INA,Rio de la Plata
60,83E7B8B582A8A3FE42A371027368CCC84EB7BFFF,FA25FBBAD411D74E98BB9B663FA849BF03D0CEDE,744.0,metre,WHOS,,,,,,,,,,,,True,-27.153744,-53.933149,,,Argentina,INA,Rio Uruguay
70,31D82205915ED54E7C179E2192C03D40C627B1EB,FA25FBBAD411D74E98BB9B663FA849BF03D0CEDE,744.0,metre,WHOS,,,,,,,,,,,,True,-29.18062,-56.633977,,,Argentina,INA,Rio Uruguay
28,E90A51ED13E1C1A69D112CD6A6CB7298806DC59D,FA25FBBAD411D74E98BB9B663FA849BF03D0CEDE,744.0,metre,WHOS,,,,,,,,,,,,True,-31.22650904,-59.99193936,,,Argentina,INA,Rio Parana
54,0631B7B04F01E90D4B4EBCC982CCDF085789D708,FA25FBBAD411D74E98BB9B663FA849BF03D0CEDE,744.0,metre,WHOS,,,,,,,,,,,,True,-34.506666,-58.475863,,,Argentina,INA,Rio Parana
73,DDB5F3CFF1E563D0C75257A976143F69FA626E27,FA25FBBAD411D74E98BB9B663FA849BF03D0CEDE,744.0,metre,WHOS,,,,,,,,,,,,True,-29.872652,-57.332887,,,Argentina,INA,Rio Uruguay
59,56CCCA1063FBAD68EA57CE20C26BBE055B7D9685,FA25FBBAD411D74E98BB9B663FA849BF03D0CEDE,744.0,metre,WHOS,,,,,,,,,,,,True,-27.3166666666667,-58.6166666666667,,,Argentina,INA,Rio Parana
30,3D6199412BFA3DFEAB30DD9E0E4C7EEFEB6DECE1,FA25FBBAD411D74E98BB9B663FA849BF03D0CEDE,744.0,metre,WHOS,,,,,,,,,,,,True,-31.6514772196376,-60.7002319185745,,,Argentina,INA,Rio Parana
57,588230A4E9F7E8B48E57262B53FC4BBE511DB6D6,FA25FBBAD411D74E98BB9B663FA849BF03D0CEDE,744.0,metre,WHOS,,,,,,,,,,,,True,-26.1833333333333,-58.1833333333333,,,Argentina,INA,Rio Paraguay
77,F5C001AAB05E68773AAEF77E7D4C6085CBD7AD73,FA25FBBAD411D74E98BB9B663FA849BF03D0CEDE,744.0,metre,WHOS,,,,,,,,,,,,True,-31.27547,-57.936945,,,Argentina,INA,Rio Uruguay
74,0DF4C4284AA14E0A545C0F855B4F6FF558693CEE,FA25FBBAD411D74E98BB9B663FA849BF03D0CEDE,744.0,metre,WHOS,,,,,,,,,,,,True,-30.25,-57.6333333333333,,,Argentina,INA,Rio Uruguay
29,D35B4E539A4840513F23C64F15BE89333B7488D7,FA25FBBAD411D74E98BB9B663FA849BF03D0CEDE,744.0,metre,WHOS,,,,,,,,,,,,True,-31.7182378629681,-60.5225697750899,,,Argentina,INA,Rio Parana
18,63A1ADE93C452A399E5A5187A5C15EF7F27D40C4,FA25FBBAD411D74E98BB9B663FA849BF03D0CEDE,744.0,metre,WHOS,,,,,,,,,,,,True,-27.3333333333333,-58.5833333333333,,,Argentina,INA,Rio Parana
11,07DA95953F3613A09F1B26E3E89D643667C2B3C1,FA25FBBAD411D74E98BB9B663FA849BF03D0CEDE,744.0,metre,WHOS,,,,,,,,,,,,True,-26.3833333333333,-54.7,,,Argentina,INA,Rio Parana
71,89FC35A138E8504BEA5BC91BA0EBFC609F4E1FF2,FA25FBBAD411D74E98BB9B663FA849BF03D0CEDE,744.0,metre,WHOS,,,,,,,,,,,,True,-29.470031,-56.810674,,,Argentina,INA,Rio Uruguay
85,B46DE00167E598BB18215E7A4A9BF73F4C5146AC,FA25FBBAD411D74E98BB9B663FA849BF03D0CEDE,744.0,metre,WHOS,,,,,,,,,,,,True,-34.56108,-58.399288,,,Argentina,INA,Rio de la Plata
52,61E2F61769D326D7DC1544C1824AB5133EE45E76,FA25FBBAD411D74E98BB9B663FA849BF03D0CEDE,744.0,metre,WHOS,,,,,,,,,,,,True,-34.4333333333,-58.55,,,Argentina,INA,Rio Parana
42,3010AEE13C1C05E3F80B72D0CCD97B4116D7A296,FA25FBBAD411D74E98BB9B663FA849BF03D0CEDE,744.0,metre,WHOS,,,,,,,,,,,,True,-34.3,-58.7333333333,,,Argentina,INA,Rio Parana
44,B67E46C71CCF5E78B7B9C36ABA318E30E6ED22E6,FA25FBBAD411D74E98BB9B663FA849BF03D0CEDE,744.0,metre,WHOS,,,,,,,,,,,,True,-33.8627031166646,-58.6604197120006,,,Argentina,INA,Rio Parana
22,F4534D9D46150B5FD12676DC99ED05E12787680C,FA25FBBAD411D74E98BB9B663FA849BF03D0CEDE,744.0,metre,WHOS,,,,,,,,,,,,True,-28.51840072,-59.05931723,,,Argentina,INA,Rio Parana
38,7FE2C8C2F189385DC638AFB4B76D3A2B8092490E,FA25FBBAD411D74E98BB9B663FA849BF03D0CEDE,744.0,metre,WHOS,,,,,,,,,,,,True,-33.6745267329027,-59.6497183332918,,,Argentina,INA,Rio Parana
75,3997AE4330E70BBA2C79F274ED06EF5BF9BEEC87,FA25FBBAD411D74E98BB9B663FA849BF03D0CEDE,744.0,metre,WHOS,,,,,,,,,,,,True,-30.715682,-57.81776,,,Argentina,INA,Rio Uruguay
27,79A4E7BBA0EAE4C1ECC9B543EBEBB61D03923B70,FA25FBBAD411D74E98BB9B663FA849BF03D0CEDE,744.0,metre,WHOS,,,,,,,,,,,,True,-30.95,-59.7833333333333,,,Argentina,INA,Rio Parana
41,DC15468BA16B8D90E1A61450B47D9B38219AFCB8,FA25FBBAD411D74E98BB9B663FA849BF03D0CEDE,744.0,metre,WHOS,,,,,,,,,,,,True,-34.1555854281116,-58.9581750062675,,,Argentina,INA,Rio Parana
43,81042CDA1B703D918AD40A525AF17DFEED1C7113,FA25FBBAD411D74E98BB9B663FA849BF03D0CEDE,744.0,metre,WHOS,,,,,,,,,,,,True,-33.7,-58.65,,,Argentina,INA,Rio Parana
66,1D1A4A88A38A87144856D91B7485BEDA052F3785,FA25FBBAD411D74E98BB9B663FA849BF03D0CEDE,744.0,metre,WHOS,,,,,,,,,,,,True,-28.119193,-55.581369,,,Argentina,INA,Rio Uruguay
72,5D4AF2886B4D79302D1F3F2EE3F33420865A2411,FA25FBBAD411D74E98BB9B663FA849BF03D0CEDE,744.0,metre,WHOS,,,,,,,,,,,,True,-29.7166666666667,-57.0833333333333,,,Argentina,INA,Rio Uruguay
48,AE528C29896E315FD6B55965B94482D86189B52F,FA25FBBAD411D74E98BB9B663FA849BF03D0CEDE,744.0,metre,WHOS,,,,,,,,,,,,True,-34.0166666667,-58.4,,,Argentina,INA,Rio Parana
36,571C8A97E1C39724CF73722D8E57FD01D1F74995,FA25FBBAD411D74E98BB9B663FA849BF03D0CEDE,744.0,metre,WHOS,,,,,,,,,,,,True,-33.3420008188866,-60.1895279977149,,,Argentina,INA,Rio Parana
67,D37C942BC102184B654894014701E8C9C82E7C3D,FA25FBBAD411D74E98BB9B663FA849BF03D0CEDE,744.0,metre,WHOS,,,,,,,,,,,,True,-28.1833333333333,-55.65,,,Argentina,INA,Rio Uruguay
16,528AED04838C36114A1AAFF97226D7435873DEAC,FA25FBBAD411D74E98BB9B663FA849BF03D0CEDE,744.0,metre,WHOS,,,,,,,,,,,,True,-27.42336098,-57.33326783,,,Argentina,INA,Rio Parana
